,Date,URL
0,1996-06-13,https://www.federalreserve.gov/boarddocs/speeches/1996/19960613.htm
1,1996-06-18,https://www.federalreserve.gov/boarddocs/speeches/1996/19960618.htm
2,1996-09-08,https://www.federalreserve.gov/boarddocs/speeches/1996/19960908.htm
3,1996-09-19,https://www.federalreserve.gov/boarddocs/speeches/1996/19960919.htm
4,1996-10-02,https://www.federalreserve.gov/boarddocs/speeches/1996/19961002.htm
5,1996-10-05,https://www.federalreserve.gov/boarddocs/speeches/1996/19961005.htm
6,1996-10-07,https://www.federalreserve.gov/boarddocs/speeches/1996/19961007.htm
7,1996-10-09,https://www.federalreserve.gov/boarddocs/speeches/1996/19961009.htm
8,1996-10-11,https://www.federalreserve.gov/boarddocs/speeches/1996/19961011.htm
9,1996-10-16,https://www.federalreserve.gov/boarddocs/speeches/1996/19961016.htm
10,1996-10-24,https://www.federalreserve.gov/boarddocs/speeches/1996/19961024.htm
11,1996-10-31,https://www.federalreserve.gov/boarddocs/speeches/1996/19961031.htm
12,1996-11-18,https://www.federalreserve.gov/boarddocs/speeches/1996/19961118.htm
13,1996-11-21,https://www.federalreserve.gov/boarddocs/speeches/1996/19961121.htm
14,1996-11-25,https://www.federalreserve.gov/boarddocs/speeches/1996/19961125.htm
15,1996-12-03,https://www.federalreserve.gov/boarddocs/speeches/1996/19961203.htm
16,1996-12-05,https://www.federalreserve.gov/boarddocs/speeches/1996/19961205.htm
17,1996-12-06,https://www.federalreserve.gov/boarddocs/speeches/1996/19961206.htm
18,1996-12-19,https://www.federalreserve.gov/boarddocs/speeches/1996/19961219.htm
19,1997-01-05,https://www.federalreserve.gov/boarddocs/speeches/1997/19970105.htm
20,1997-01-14,https://www.federalreserve.gov/boarddocs/speeches/1997/19970114.htm
21,1997-01-16,https://www.federalreserve.gov/boarddocs/speeches/1997/19970116.htm
22,1997-01-24,https://www.federalreserve.gov/boarddocs/speeches/1997/19970124.htm
23,1997-01-28,https://www.federalreserve.gov/boarddocs/speeches/1997/19970128.htm
24,1997-01-29,https://www.federalreserve.gov/boarddocs/speeches/1997/19970129.htm
25,1997-02-14,https://www.federalreserve.gov/boarddocs/speeches/1997/19970214.htm
26,1997-02-21,https://www.federalreserve.gov/boarddocs/speeches/1997/19970221.htm
27,1997-03-03,https://www.federalreserve.gov/boarddocs/speeches/1997/19970303.htm
28,1997-03-07,https://www.federalreserve.gov/boarddocs/speeches/1997/19970307.htm
29,1997-03-13,https://www.federalreserve.gov/boarddocs/speeches/1997/19970313.htm
30,1997-03-22,https://www.federalreserve.gov/boarddocs/speeches/1997/19970322.htm
31,1997-04-04,https://www.federalreserve.gov/boarddocs/speeches/1997/19970404.htm
32,1997-04-10,https://www.federalreserve.gov/boarddocs/speeches/1997/19970410.htm
33,1997-04-12,https://www.federalreserve.gov/boarddocs/speeches/1997/19970412.htm
34,1997-04-24,https://www.federalreserve.gov/boarddocs/speeches/1997/19970424.htm
35,1997-04-29,https://www.federalreserve.gov/boarddocs/speeches/1997/19970429.htm
36,1997-05-01,https://www.federalreserve.gov/boarddocs/speeches/1997/19970501.htm
37,1997-05-03,https://www.federalreserve.gov/boarddocs/speeches/1997/19970503.htm
38,1997-05-08,https://www.federalreserve.gov/boarddocs/speeches/1997/19970508.htm
39,1997-05-23,https://www.federalreserve.gov/boarddocs/speeches/1997/19970523.htm
40,1997-06-10,https://www.federalreserve.gov/boarddocs/speeches/1997/19970610.htm
41,1997-06-18,https://www.federalreserve.gov/boarddocs/speeches/1997/19970618.htm
42,1997-09-04,https://www.federalreserve.gov/boarddocs/speeches/1997/19970904.htm
43,1997-09-05,https://www.federalreserve.gov/boarddocs/speeches/1997/19970905.htm
44,1997-09-12,https://www.federalreserve.gov/boarddocs/speeches/1997/19970912.htm
45,1997-09-17,https://www.federalreserve.gov/boarddocs/speeches/1997/19970917.htm
46,1997-09-19,https://www.federalreserve.gov/boarddocs/speeches/1997/19970919.htm
47,1997-09-23,https://www.federalreserve.gov/boarddocs/speeches/1997/19970923.htm
48,1997-10-05,https://www.federalreserve.gov/boarddocs/speeches/1997/19971005.htm
49,1997-10-11,https://www.federalreserve.gov/boarddocs/speeches/1997/19971011.htm
50,1997-10-14,https://www.federalreserve.gov/boarddocs/speeches/1997/19971014.htm
51,1997-10-15,https://www.federalreserve.gov/boarddocs/speeches/1997/19971015.htm
52,1997-10-30,https://www.federalreserve.gov/boarddocs/speeches/1997/19971030.htm
53,1997-10-31,https://www.federalreserve.gov/boarddocs/speeches/1997/19971031.htm
54,1997-11-04,https://www.federalreserve.gov/boarddocs/speeches/1997/19971104.htm
55,1997-11-07,https://www.federalreserve.gov/boarddocs/speeches/1997/19971107.htm
56,1997-12-01,https://www.federalreserve.gov/boarddocs/speeches/1997/19971201.htm
57,1997-12-02,https://www.federalreserve.gov/boarddocs/speeches/1997/19971202.htm
58,1997-12-03,https://www.federalreserve.gov/boarddocs/speeches/1997/19971203.htm
59,1997-12-15,https://www.federalreserve.gov/boarddocs/speeches/1997/19971215.htm
60,1998-01-03,https://www.federalreserve.gov/boarddocs/speeches/1998/19980103.htm
61,1998-01-08,https://www.federalreserve.gov/boarddocs/speeches/1998/19980108.htm
62,1998-01-12,https://www.federalreserve.gov/boarddocs/speeches/1998/19980112.htm
63,1998-01-16,https://www.federalreserve.gov/boarddocs/speeches/1998/19980116.htm
64,1998-02-11,https://www.federalreserve.gov/boarddocs/speeches/1998/19980211.htm
65,1998-02-17,https://www.federalreserve.gov/boarddocs/speeches/1998/19980217.htm
66,1998-02-26,https://www.federalreserve.gov/boarddocs/speeches/1998/19980226.htm
67,1998-02-27,https://www.federalreserve.gov/boarddocs/speeches/1998/19980227.htm
68,1998-03-02,https://www.federalreserve.gov/boarddocs/speeches/1998/19980302.htm
69,1998-03-03,https://www.federalreserve.gov/boarddocs/speeches/1998/19980303.htm
70,1998-03-04,https://www.federalreserve.gov/boarddocs/speeches/1998/19980304.htm
71,1998-03-06,https://www.federalreserve.gov/boarddocs/speeches/1998/19980306.htm
72,1998-03-09,https://www.federalreserve.gov/boarddocs/speeches/1998/19980309.htm
73,1998-03-16,https://www.federalreserve.gov/boarddocs/speeches/1998/19980316.htm
74,1998-03-17,https://www.federalreserve.gov/boarddocs/speeches/1998/19980317.htm
75,1998-03-19,https://www.federalreserve.gov/boarddocs/speeches/1998/19980319.htm
76,1998-03-26,https://www.federalreserve.gov/boarddocs/speeches/1998/19980326.htm
77,1998-04-02,https://www.federalreserve.gov/boarddocs/speeches/1998/19980402.htm
78,1998-04-04,https://www.federalreserve.gov/boarddocs/speeches/1998/19980404.htm
79,1998-04-09,https://www.federalreserve.gov/boarddocs/speeches/1998/19980409.htm
80,1998-04-16,https://www.federalreserve.gov/boarddocs/speeches/1998/199804162.htm
81,1998-04-23,https://www.federalreserve.gov/boarddocs/speeches/1998/19980423.htm
82,1998-04-30,https://www.federalreserve.gov/boarddocs/speeches/1998/19980430.htm
83,1998-05-02,https://www.federalreserve.gov/boarddocs/speeches/1998/19980502.htm
84,1998-05-07,https://www.federalreserve.gov/boarddocs/speeches/1998/19980507.htm
85,1998-05-12,https://www.federalreserve.gov/boarddocs/speeches/1998/19980512.htm
86,1998-05-20,https://www.federalreserve.gov/boarddocs/speeches/1998/19980520.htm
87,1998-06-03,https://www.federalreserve.gov/boarddocs/speeches/1998/19980603.htm
88,1998-06-09,https://www.federalreserve.gov/boarddocs/speeches/1998/19980609.htm
89,1998-06-18,https://www.federalreserve.gov/boarddocs/speeches/1998/19980618.htm
90,1998-07-09,https://www.federalreserve.gov/boarddocs/speeches/1998/19980709.htm
91,1998-07-10,https://www.federalreserve.gov/boarddocs/speeches/1998/19980710.htm
92,1998-07-20,https://www.federalreserve.gov/boarddocs/speeches/1998/19980720.htm
93,1998-08-28,https://www.federalreserve.gov/boarddocs/speeches/1998/19980828.htm
94,1998-09-04,https://www.federalreserve.gov/boarddocs/speeches/1998/19980904.htm
95,1998-09-15,https://www.federalreserve.gov/boarddocs/speeches/1998/19980915.htm
96,1998-09-17,https://www.federalreserve.gov/boarddocs/speeches/1998/19980917.htm
97,1998-09-18,https://www.federalreserve.gov/boarddocs/speeches/1998/19980918.htm
98,1998-09-28,https://www.federalreserve.gov/boarddocs/speeches/1998/19980928.htm
99,1998-09-29,https://www.federalreserve.gov/boarddocs/speeches/1998/19980929.htm
100,1998-10-05,https://www.federalreserve.gov/boarddocs/speeches/1998/19981005.htm
101,1998-10-14,https://www.federalreserve.gov/boarddocs/speeches/1998/19981014.htm
102,1998-10-16,https://www.federalreserve.gov/boarddocs/speeches/1998/19981016.htm
103,1998-10-22,https://www.federalreserve.gov/boarddocs/speeches/1998/19981022.htm
104,1998-10-27,https://www.federalreserve.gov/boarddocs/speeches/1998/19981027.htm
105,1998-10-29,https://www.federalreserve.gov/boarddocs/speeches/1998/19981029.htm
106,1998-11-05,https://www.federalreserve.gov/boarddocs/speeches/1998/19981105.htm
107,1998-11-06,https://www.federalreserve.gov/boarddocs/speeches/1998/19981106.htm
108,1998-11-12,https://www.federalreserve.gov/boarddocs/speeches/1998/19981112.htm
109,1999-01-03,https://www.federalreserve.gov/boarddocs/speeches/1999/19990103.htm
110,1999-01-04,https://www.federalreserve.gov/boarddocs/speeches/1999/19990104.htm
111,1999-01-11,https://www.federalreserve.gov/boarddocs/speeches/1999/19990111.htm
112,1999-01-15,https://www.federalreserve.gov/boarddocs/speeches/1999/19990115.htm
113,1999-01-21,https://www.federalreserve.gov/boarddocs/speeches/1999/19990121.htm
114,1999-02-11,https://www.federalreserve.gov/boarddocs/speeches/1999/19990211.htm
115,1999-02-16,https://www.federalreserve.gov/boarddocs/speeches/1999/19990216.htm
116,1999-02-24,https://www.federalreserve.gov/boarddocs/speeches/1999/19990224.htm
117,1999-02-25,https://www.federalreserve.gov/boarddocs/speeches/1999/19990225.htm
118,1999-03-01,https://www.federalreserve.gov/boarddocs/speeches/1999/19990301.htm
119,1999-03-03,https://www.federalreserve.gov/boarddocs/speeches/1999/19990303.htm
120,1999-03-08,https://www.federalreserve.gov/boarddocs/speeches/1999/19990308.htm
121,1999-03-09,https://www.federalreserve.gov/boarddocs/speeches/1999/19990309.htm
122,1999-03-10,https://www.federalreserve.gov/boarddocs/speeches/1999/19990310.htm
123,1999-03-12,https://www.federalreserve.gov/boarddocs/speeches/1999/19990312.htm
124,1999-03-16,https://www.federalreserve.gov/boarddocs/speeches/1999/19990316.htm
125,1999-03-19,https://www.federalreserve.gov/boarddocs/speeches/1999/19990319.htm
126,1999-03-25,https://www.federalreserve.gov/boarddocs/speeches/1999/19990325.htm
127,1999-04-06,https://www.federalreserve.gov/boarddocs/speeches/1999/19990406.htm
128,1999-04-13,https://www.federalreserve.gov/boarddocs/speeches/1999/19990413.htm
129,1999-04-14,https://www.federalreserve.gov/boarddocs/speeches/1999/19990414.htm
130,1999-04-16,https://www.federalreserve.gov/boarddocs/speeches/1999/19990416.htm
131,1999-04-22,https://www.federalreserve.gov/boarddocs/speeches/1999/19990422.htm
132,1999-04-26,https://www.federalreserve.gov/boarddocs/speeches/1999/19990426.htm
133,1999-04-29,https://www.federalreserve.gov/boarddocs/speeches/1999/19990429.htm
134,1999-05-06,https://www.federalreserve.gov/boarddocs/speeches/1999/19990506.htm
135,1999-05-13,https://www.federalreserve.gov/boarddocs/speeches/1999/19990513.htm
136,1999-06-01,https://www.federalreserve.gov/boarddocs/speeches/1999/19990601.htm
137,1999-06-02,https://www.federalreserve.gov/boarddocs/speeches/1999/19990602.htm
138,1999-06-03,https://www.federalreserve.gov/boarddocs/speeches/1999/19990603.htm
139,1999-06-10,https://www.federalreserve.gov/boarddocs/speeches/1999/19990610.htm
140,1999-06-14,https://www.federalreserve.gov/boarddocs/speeches/1999/19990614.htm
141,1999-06-16,https://www.federalreserve.gov/boarddocs/speeches/1999/19990616.htm
142,1999-06-22,https://www.federalreserve.gov/boarddocs/speeches/1999/19990622.htm
143,1999-07-29,https://www.federalreserve.gov/boarddocs/speeches/1999/19990729.htm
144,1999-08-27,https://www.federalreserve.gov/boarddocs/speeches/1999/19990827.htm
145,1999-09-08,https://www.federalreserve.gov/boarddocs/speeches/1999/19990908.htm
146,1999-09-09,https://www.federalreserve.gov/boarddocs/speeches/1999/19990909.htm
147,1999-09-15,https://www.federalreserve.gov/boarddocs/speeches/1999/19990915.htm
148,1999-09-16,https://www.federalreserve.gov/boarddocs/speeches/1999/19990916.htm
149,1999-09-17,https://www.federalreserve.gov/boarddocs/speeches/1999/19990917.htm
150,1999-09-21,https://www.federalreserve.gov/boarddocs/speeches/1999/19990921.htm
151,1999-09-27,https://www.federalreserve.gov/boarddocs/speeches/1999/19990927.htm
152,1999-09-28,https://www.federalreserve.gov/boarddocs/speeches/1999/19990928.htm
153,1999-09-30,https://www.federalreserve.gov/boarddocs/speeches/1999/19990930.htm
154,1999-10-01,https://www.federalreserve.gov/boarddocs/speeches/1999/19991001.htm
155,1999-10-06,https://www.federalreserve.gov/boarddocs/speeches/1999/19991006.htm
156,1999-10-11,https://www.federalreserve.gov/boarddocs/speeches/1999/19991011.htm
157,1999-10-12,https://www.federalreserve.gov/boarddocs/speeches/1999/19991012.htm
158,1999-10-14,https://www.federalreserve.gov/boarddocs/speeches/1999/19991014.htm
159,1999-10-15,https://www.federalreserve.gov/boarddocs/speeches/1999/19991015.htm
160,1999-10-19,https://www.federalreserve.gov/boarddocs/speeches/1999/19991019.htm
161,1999-10-28,https://www.federalreserve.gov/boarddocs/speeches/1999/19991028.htm
162,1999-11-02,https://www.federalreserve.gov/boarddocs/speeches/1999/19991102.htm
163,1999-11-04,https://www.federalreserve.gov/boarddocs/speeches/1999/19991104.htm
164,1999-11-15,https://www.federalreserve.gov/boarddocs/speeches/1999/19991115.htm
165,1999-11-30,https://www.federalreserve.gov/boarddocs/speeches/1999/19991130.htm
166,1999-12-15,https://www.federalreserve.gov/boarddocs/speeches/1999/19991215.htm
167,2000-01-07,https://www.federalreserve.gov/boarddocs/speeches/2000/20000107.htm
168,2000-01-13,https://www.federalreserve.gov/boarddocs/speeches/2000/20000113.htm
169,2000-01-14,https://www.federalreserve.gov/boarddocs/speeches/2000/20000114.htm
170,2000-01-20,https://www.federalreserve.gov/boarddocs/speeches/2000/20000120.htm
171,2000-02-03,https://www.federalreserve.gov/boarddocs/speeches/2000/20000203.htm
172,2000-02-17,https://www.federalreserve.gov/boarddocs/speeches/2000/20000217.htm
173,2000-02-23,https://www.federalreserve.gov/boarddocs/speeches/2000/20000223.htm
174,2000-02-25,https://www.federalreserve.gov/boarddocs/speeches/2000/20000225.htm
175,2000-03-03,https://www.federalreserve.gov/boarddocs/speeches/2000/20000303.htm
176,2000-03-06,https://www.federalreserve.gov/boarddocs/speeches/2000/20000306.htm
177,2000-03-07,https://www.federalreserve.gov/boarddocs/speeches/2000/20000307.htm
178,2000-03-08,https://www.federalreserve.gov/boarddocs/speeches/2000/20000308.htm
179,2000-03-13,https://www.federalreserve.gov/boarddocs/speeches/2000/20000313.htm
180,2000-03-22,https://www.federalreserve.gov/boarddocs/speeches/2000/20000322.htm
181,2000-03-30,https://www.federalreserve.gov/boarddocs/speeches/2000/20000330.htm
182,2000-04-05,https://www.federalreserve.gov/boarddocs/speeches/2000/20000405.htm
183,2000-04-06,https://www.federalreserve.gov/boarddocs/speeches/2000/20000406.htm
184,2000-04-07,https://www.federalreserve.gov/boarddocs/speeches/2000/20000407.htm
185,2000-04-10,https://www.federalreserve.gov/boarddocs/speeches/2000/20000410.htm
186,2000-04-11,https://www.federalreserve.gov/boarddocs/speeches/2000/20000411.htm
187,2000-04-12,https://www.federalreserve.gov/boarddocs/speeches/2000/20000412.htm
188,2000-04-14,https://www.federalreserve.gov/boarddocs/speeches/2000/20000414.htm
189,2000-04-17,https://www.federalreserve.gov/boarddocs/speeches/2000/20000417.htm
190,2000-04-20,https://www.federalreserve.gov/boarddocs/speeches/2000/20000420.htm
191,2000-04-27,https://www.federalreserve.gov/boarddocs/speeches/2000/20000427.htm
192,2000-05-04,https://www.federalreserve.gov/boarddocs/speeches/2000/20000504.htm
193,2000-05-09,https://www.federalreserve.gov/boarddocs/speeches/2000/20000509.htm
194,2000-05-11,https://www.federalreserve.gov/boarddocs/speeches/2000/20000511.htm
195,2000-05-12,https://www.federalreserve.gov/boarddocs/speeches/2000/20000512.htm
196,2000-05-18,https://www.federalreserve.gov/boarddocs/speeches/2000/20000518.htm
197,2000-05-22,https://www.federalreserve.gov/boarddocs/speeches/2000/20000522.htm
198,2000-05-25,https://www.federalreserve.gov/boarddocs/speeches/2000/20000525.htm
199,2000-05-26,https://www.federalreserve.gov/boarddocs/speeches/2000/20000526.htm
200,2000-05-31,https://www.federalreserve.gov/boarddocs/speeches/2000/20000531.htm
201,2000-06-01,https://www.federalreserve.gov/boarddocs/speeches/2000/20000601.htm
202,2000-06-06,https://www.federalreserve.gov/boarddocs/speeches/2000/20000606.htm
203,2000-06-13,https://www.federalreserve.gov/boarddocs/speeches/2000/20000613.htm
204,2000-07-11,https://www.federalreserve.gov/boarddocs/speeches/2000/20000711.htm
205,2000-07-12,https://www.federalreserve.gov/boarddocs/speeches/2000/20000712.htm
206,2000-08-25,https://www.federalreserve.gov/boarddocs/speeches/2000/20000825.htm
207,2000-08-31,https://www.federalreserve.gov/boarddocs/speeches/2000/20000831.htm
208,2000-09-15,https://www.federalreserve.gov/boarddocs/speeches/2000/20000915.htm
209,2000-09-18,https://www.federalreserve.gov/boarddocs/speeches/2000/20000918.htm
210,2000-10-11,https://www.federalreserve.gov/boarddocs/speeches/2000/20001011.htm
211,2000-10-16,https://www.federalreserve.gov/boarddocs/speeches/2000/20001016.htm
212,2000-10-19,https://www.federalreserve.gov/boarddocs/speeches/2000/20001019.htm
213,2000-10-20,https://www.federalreserve.gov/boarddocs/speeches/2000/20001020.htm
214,2000-10-24,https://www.federalreserve.gov/boarddocs/speeches/2000/20001024.htm
215,2000-10-31,https://www.federalreserve.gov/boarddocs/speeches/2000/20001031.htm
216,2000-11-14,https://www.federalreserve.gov/boarddocs/speeches/2000/20001114.htm
217,2000-11-20,https://www.federalreserve.gov/boarddocs/speeches/2000/20001120.htm
218,2000-11-21,https://www.federalreserve.gov/boarddocs/speeches/2000/20001121.htm
219,2000-12-05,https://www.federalreserve.gov/boarddocs/speeches/2000/20001205.htm
220,2000-12-06,https://www.federalreserve.gov/boarddocs/speeches/2000/20001206.htm
221,2000-12-08,https://www.federalreserve.gov/boarddocs/speeches/2000/20001208.htm
222,2001-01-12,https://www.federalreserve.gov/boarddocs/speeches/2001/20010112/default.htm
223,2001-01-25,https://www.federalreserve.gov/boarddocs/speeches/2001/20010125/default.htm
224,2001-02-14,https://www.federalreserve.gov/boarddocs/speeches/2001/20010214/default.htm
225,2001-02-15,https://www.federalreserve.gov/boarddocs/speeches/2001/20010215/default.htm
226,2001-02-20,https://www.federalreserve.gov/boarddocs/speeches/2001/20010220/default.htm
227,2001-02-27,https://www.federalreserve.gov/boarddocs/speeches/2001/20010227/default.htm
228,2001-03-05,https://www.federalreserve.gov/boarddocs/speeches/2001/20010305/default.htm
229,2001-03-07,https://www.federalreserve.gov/boarddocs/speeches/2001/20010307/default.htm
230,2001-03-09,https://www.federalreserve.gov/boarddocs/speeches/2001/20010309/default.htm
231,2001-03-15,https://www.federalreserve.gov/boarddocs/speeches/2001/20010315/default.htm
232,2001-03-23,https://www.federalreserve.gov/boarddocs/speeches/2001/20010323/default.htm
233,2001-03-27,https://www.federalreserve.gov/boarddocs/speeches/2001/20010327/default.htm
234,2001-03-28,https://www.federalreserve.gov/boarddocs/speeches/2001/20010328/default.htm
235,2001-04-05,https://www.federalreserve.gov/boarddocs/speeches/2001/20010405/default.htm
236,2001-04-06,https://www.federalreserve.gov/boarddocs/speeches/2001/20010406/default.htm
237,2001-04-19,https://www.federalreserve.gov/boarddocs/speeches/2001/20010419/default.htm
238,2001-04-26,https://www.federalreserve.gov/boarddocs/speeches/2001/20010426/default.htm
239,2001-04-27,https://www.federalreserve.gov/boarddocs/speeches/2001/20010427/default.htm
240,2001-05-10,https://www.federalreserve.gov/boarddocs/speeches/2001/20010510/default.htm
241,2001-05-17,https://www.federalreserve.gov/boarddocs/speeches/2001/20010517/default.htm
242,2001-05-18,https://www.federalreserve.gov/boarddocs/speeches/2001/20010518/default.htm
243,2001-05-21,https://www.federalreserve.gov/boarddocs/speeches/2001/20010521/default.htm
244,2001-05-24,https://www.federalreserve.gov/boarddocs/speeches/2001/20010524/default.htm
245,2001-06-06,https://www.federalreserve.gov/boarddocs/speeches/2001/20010606/default.htm
246,2001-06-11,https://www.federalreserve.gov/boarddocs/speeches/2001/20010611/default.htm
247,2001-06-14,https://www.federalreserve.gov/boarddocs/speeches/2001/20010614/default.htm
248,2001-06-20,https://www.federalreserve.gov/boarddocs/speeches/2001/20010620/default.htm
249,2001-06-28,https://www.federalreserve.gov/boarddocs/speeches/2001/20010628/default.htm
250,2001-07-17,https://www.federalreserve.gov/boarddocs/speeches/2001/20010717/default.htm
251,2001-07-18,https://www.federalreserve.gov/boarddocs/speeches/2001/20010718/default.htm
252,2001-08-03,https://www.federalreserve.gov/boarddocs/speeches/2001/20010803/default.htm
253,2001-08-31,https://www.federalreserve.gov/boarddocs/speeches/2001/20010831/default.htm
254,2001-09-04,https://www.federalreserve.gov/boarddocs/speeches/2001/20010904/default.htm
255,2001-10-11,https://www.federalreserve.gov/boarddocs/speeches/2001/20011011/default.htm
256,2001-10-12,https://www.federalreserve.gov/boarddocs/speeches/2001/20011012/default.htm
257,2001-10-15,https://www.federalreserve.gov/boarddocs/speeches/2001/20011015/default.htm
258,2001-10-16,https://www.federalreserve.gov/boarddocs/speeches/2001/20011016/default.htm
259,2001-10-23,https://www.federalreserve.gov/boarddocs/speeches/2001/20011023/default.htm
260,2001-10-24,https://www.federalreserve.gov/boarddocs/speeches/2001/20011024/default.htm
261,2001-10-26,https://www.federalreserve.gov/boarddocs/speeches/2001/20011026/default.htm
262,2001-11-08,https://www.federalreserve.gov/boarddocs/speeches/2001/20011108/default.htm
263,2001-11-13,https://www.federalreserve.gov/boarddocs/speeches/2001/20011113/default.htm
264,2001-11-27,https://www.federalreserve.gov/boarddocs/speeches/2001/20011127/default.htm
265,2001-11-30,https://www.federalreserve.gov/boarddocs/speeches/2001/20011130/default.htm
266,2001-12-03,https://www.federalreserve.gov/boarddocs/speeches/2001/20011203/default.htm
267,2001-12-05,https://www.federalreserve.gov/boarddocs/speeches/2001/20011205/default.htm
268,2001-12-18,https://www.federalreserve.gov/boarddocs/speeches/2001/20011218/default.htm
269,2002-01-08,https://www.federalreserve.gov/boarddocs/speeches/2002/20020108/default.htm
270,2002-01-10,https://www.federalreserve.gov/boarddocs/speeches/2002/20020110/default.htm
271,2002-01-11,https://www.federalreserve.gov/boarddocs/speeches/2002/20020111/default.htm
272,2002-01-16,https://www.federalreserve.gov/boarddocs/speeches/2002/20020116/default.htm
273,2002-01-18,https://www.federalreserve.gov/boarddocs/speeches/2002/20020118/default.htm
274,2002-02-07,https://www.federalreserve.gov/boarddocs/speeches/2002/20020207/default.htm
275,2002-02-08,https://www.federalreserve.gov/boarddocs/speeches/2002/20020208/default.htm
276,2002-02-20,https://www.federalreserve.gov/boarddocs/speeches/2002/20020220/default.htm
277,2002-02-27,https://www.federalreserve.gov/boarddocs/speeches/2002/20020227/default.htm
278,2002-02-28,https://www.federalreserve.gov/boarddocs/speeches/2002/20020228/default.htm
279,2002-03-01,https://www.federalreserve.gov/boarddocs/speeches/2002/20020301/default.htm
280,2002-03-04,https://www.federalreserve.gov/boarddocs/speeches/2002/20020304/default.htm
281,2002-03-07,https://www.federalreserve.gov/boarddocs/speeches/2002/20020307/default.htm
282,2002-03-12,https://www.federalreserve.gov/boarddocs/speeches/2002/20020312/default.htm
283,2002-03-13,https://www.federalreserve.gov/boarddocs/speeches/2002/20020313/default.htm
284,2002-03-21,https://www.federalreserve.gov/boarddocs/speeches/2002/20020321/default.htm
285,2002-03-26,https://www.federalreserve.gov/boarddocs/speeches/2002/20020326/default.htm
286,2002-04-08,https://www.federalreserve.gov/boarddocs/speeches/2002/20020408/default.htm
287,2002-04-22,https://www.federalreserve.gov/boarddocs/speeches/2002/20020422/default.htm
288,2002-04-30,https://www.federalreserve.gov/boarddocs/speeches/2002/20020430/default.htm
289,2002-05-02,https://www.federalreserve.gov/boarddocs/speeches/2002/20020502/default.htm
290,2002-05-03,https://www.federalreserve.gov/boarddocs/speeches/2002/20020503/default.htm
291,2002-05-09,https://www.federalreserve.gov/boarddocs/speeches/2002/20020509/default.htm
292,2002-05-10,https://www.federalreserve.gov/boarddocs/speeches/2002/20020510/default.htm
293,2002-05-11,https://www.federalreserve.gov/boarddocs/speeches/2002/20020511/default.htm
294,2002-05-13,https://www.federalreserve.gov/boarddocs/speeches/2002/20020513/default.htm
295,2002-05-17,https://www.federalreserve.gov/boarddocs/speeches/2002/20020517/default.htm
296,2002-05-21,https://www.federalreserve.gov/boarddocs/speeches/2002/20020521/default.htm
297,2002-05-31,https://www.federalreserve.gov/boarddocs/speeches/2002/20020531/default.htm
298,2002-06-10,https://www.federalreserve.gov/boarddocs/speeches/2002/20020610/default.htm
299,2002-06-11,https://www.federalreserve.gov/boarddocs/speeches/2002/20020611/default.htm
300,2002-06-20,https://www.federalreserve.gov/boarddocs/speeches/2002/20020620/default.htm
301,2002-07-05,https://www.federalreserve.gov/boarddocs/speeches/2002/20020705/default.htm
302,2002-07-08,https://www.federalreserve.gov/boarddocs/speeches/2002/20020708/default.htm
303,2002-07-26,https://www.federalreserve.gov/boarddocs/speeches/2002/20020726/default.htm
304,2002-08-30,https://www.federalreserve.gov/boarddocs/speeches/2002/20020830/default.htm
305,2002-09-25,https://www.federalreserve.gov/boarddocs/speeches/2002/20020925/default.htm
306,2002-09-28,https://www.federalreserve.gov/boarddocs/speeches/2002/20020928/default.htm
307,2002-10-01,https://www.federalreserve.gov/boarddocs/speeches/2002/20021001/default.htm
308,2002-10-03,https://www.federalreserve.gov/boarddocs/speeches/2002/20021003/default.htm
309,2002-10-07,https://www.federalreserve.gov/boarddocs/speeches/2002/20021007/default.htm
310,2002-10-08,https://www.federalreserve.gov/boarddocs/speeches/2002/20021008/default.htm
311,2002-10-09,https://www.federalreserve.gov/boarddocs/speeches/2002/20021009/default.htm
312,2002-10-15,https://www.federalreserve.gov/boarddocs/speeches/2002/20021015/default.htm
313,2002-10-16,https://www.federalreserve.gov/boarddocs/speeches/2002/20021016/default.htm
314,2002-10-22,https://www.federalreserve.gov/boarddocs/speeches/2002/20021022/default.htm
315,2002-10-23,https://www.federalreserve.gov/boarddocs/speeches/2002/20021023/default.htm
316,2002-10-24,https://www.federalreserve.gov/boarddocs/speeches/2002/20021024/default.htm
317,2002-10-29,https://www.federalreserve.gov/boarddocs/speeches/2002/20021029/default.htm
318,2002-11-07,https://www.federalreserve.gov/boarddocs/speeches/2002/20021107/default.htm
319,2002-11-08,https://www.federalreserve.gov/boarddocs/speeches/2002/20021108/default.htm
320,2002-11-12,https://www.federalreserve.gov/boarddocs/speeches/2002/20021112/default.htm
321,2002-11-18,https://www.federalreserve.gov/boarddocs/speeches/2002/20021118/default.htm
322,2002-11-19,https://www.federalreserve.gov/boarddocs/speeches/2002/20021119/default.htm
323,2002-11-20,https://www.federalreserve.gov/boarddocs/speeches/2002/20021120/default.htm
324,2002-11-21,https://www.federalreserve.gov/boarddocs/speeches/2002/20021121/default.htm
325,2002-11-22,https://www.federalreserve.gov/boarddocs/speeches/2002/20021122/default.htm
326,2002-12-13,https://www.federalreserve.gov/boarddocs/speeches/2002/20021213/default.htm
327,2002-12-19,https://www.federalreserve.gov/boarddocs/speeches/2002/20021219/default.htm
328,2003-01-04,https://www.federalreserve.gov/boarddocs/speeches/2003/20030104/default.htm
329,2003-02-03,https://www.federalreserve.gov/boarddocs/speeches/2003/20030203/default.htm
330,2003-02-05,https://www.federalreserve.gov/boarddocs/speeches/2003/20030205/default.htm
331,2003-02-06,https://www.federalreserve.gov/boarddocs/speeches/2003/20030206/default.htm
332,2003-02-11,https://www.federalreserve.gov/boarddocs/speeches/2003/20030211/default.htm
333,2003-02-12,https://www.federalreserve.gov/boarddocs/speeches/2003/20030212/default.htm
334,2003-02-21,https://www.federalreserve.gov/boarddocs/speeches/2003/20030221/default.htm
335,2003-02-27,https://www.federalreserve.gov/boarddocs/speeches/2003/20030227/default.htm
336,2003-02-28,https://www.federalreserve.gov/boarddocs/speeches/2003/20030228/default.htm
337,2003-03-04,https://www.federalreserve.gov/boarddocs/speeches/2003/20030304/default.htm
338,2003-03-07,https://www.federalreserve.gov/boarddocs/speeches/2003/20030307/default.htm
339,2003-03-13,https://www.federalreserve.gov/boarddocs/speeches/2003/20030313/default.htm
340,2003-03-24,https://www.federalreserve.gov/boarddocs/speeches/2003/20030324/default.htm
341,2003-03-25,https://www.federalreserve.gov/boarddocs/speeches/2003/20030325/default.htm
342,2003-03-28,https://www.federalreserve.gov/boarddocs/speeches/2003/20030328/default.htm
343,2003-04-03,https://www.federalreserve.gov/boarddocs/speeches/2003/20030403/default.htm
344,2003-04-04,https://www.federalreserve.gov/boarddocs/speeches/2003/20030404/default.htm
345,2003-04-07,https://www.federalreserve.gov/boarddocs/speeches/2003/20030407/default.htm
346,2003-04-09,https://www.federalreserve.gov/boarddocs/speeches/2003/20030409/default.htm
347,2003-04-10,https://www.federalreserve.gov/boarddocs/speeches/2003/20030410/default.htm
348,2003-04-24,https://www.federalreserve.gov/boarddocs/speeches/2003/20030424/default.htm
349,2003-04-28,https://www.federalreserve.gov/boarddocs/speeches/2003/20030428/default.htm
350,2003-05-07,https://www.federalreserve.gov/boarddocs/speeches/2003/20030507/default.htm
351,2003-05-08,https://www.federalreserve.gov/boarddocs/speeches/2003/20030508/default.htm
352,2003-05-13,https://www.federalreserve.gov/boarddocs/speeches/2003/20030513/default.htm
353,2003-05-16,https://www.federalreserve.gov/boarddocs/speeches/2003/20030516/default.htm
354,2003-05-22,https://www.federalreserve.gov/boarddocs/speeches/2003/20030522/default.htm
355,2003-05-30,https://www.federalreserve.gov/boarddocs/speeches/2003/20030530/default.htm
356,2003-05-31,https://www.federalreserve.gov/boarddocs/speeches/2003/20030531/default.htm
357,2003-06-10,https://www.federalreserve.gov/boarddocs/speeches/2003/20030610/default.htm
358,2003-06-11,https://www.federalreserve.gov/boarddocs/speeches/2003/20030611/default.htm
359,2003-06-13,https://www.federalreserve.gov/boarddocs/speeches/2003/20030613/default.htm
360,2003-06-16,https://www.federalreserve.gov/boarddocs/speeches/2003/20030616/default.htm
361,2003-06-17,https://www.federalreserve.gov/boarddocs/speeches/2003/20030617/default.htm
362,2003-06-20,https://www.federalreserve.gov/boarddocs/speeches/2003/20030620/default.htm
363,2003-06-26,https://www.federalreserve.gov/boarddocs/speeches/2003/20030626/default.htm
364,2003-07-23,https://www.federalreserve.gov/boarddocs/speeches/2003/20030723/default.htm
365,2003-08-07,https://www.federalreserve.gov/boarddocs/speeches/2003/20030807/default.htm
366,2003-08-10,https://www.federalreserve.gov/boarddocs/speeches/2003/20030810/default.htm
367,2003-08-18,https://www.federalreserve.gov/boarddocs/speeches/2003/20030818/default.htm
368,2003-08-29,https://www.federalreserve.gov/boarddocs/speeches/2003/20030829/default.htm
369,2003-09-04,https://www.federalreserve.gov/boarddocs/speeches/2003/20030904/default.htm
370,2003-09-22,https://www.federalreserve.gov/boarddocs/speeches/2003/20030922/default.htm
371,2003-09-24,https://www.federalreserve.gov/boarddocs/speeches/2003/20030924/default.htm
372,2003-09-26,https://www.federalreserve.gov/boarddocs/speeches/2003/20030926/default.htm
373,2003-10-01,https://www.federalreserve.gov/boarddocs/speeches/2003/20031001/default.htm
374,2003-10-02,https://www.federalreserve.gov/boarddocs/speeches/2003/20031002/default.htm
375,2003-10-08,https://www.federalreserve.gov/boarddocs/speeches/2003/20031008/default.htm
376,2003-10-09,https://www.federalreserve.gov/boarddocs/speeches/2003/20031009/default.htm
377,2003-10-17,https://www.federalreserve.gov/boarddocs/speeches/2003/20031017/default.htm
378,2003-10-24,https://www.federalreserve.gov/boarddocs/speeches/2003/20031024/default.htm
379,2003-10-29,https://www.federalreserve.gov/boarddocs/speeches/2003/20031029/default.htm
380,2003-10-31,https://www.federalreserve.gov/boarddocs/speeches/2003/20031031/default.htm
381,2003-11-06,https://www.federalreserve.gov/boarddocs/speeches/2003/20031106/default.htm
382,2003-11-13,https://www.federalreserve.gov/boarddocs/speeches/2003/20031113/default.htm
383,2003-11-14,https://www.federalreserve.gov/boarddocs/speeches/2003/20031114/default.htm
384,2003-11-20,https://www.federalreserve.gov/boarddocs/speeches/2003/20031120/default.htm
385,2003-11-21,https://www.federalreserve.gov/boarddocs/speeches/2003/20031121/default.htm
386,2003-11-22,https://www.federalreserve.gov/boarddocs/speeches/2003/20031122/default.htm
387,2003-12-02,https://www.federalreserve.gov/boarddocs/speeches/2003/20031202/default.htm
388,2003-12-11,https://www.federalreserve.gov/boarddocs/speeches/2003/20031211/default.htm
389,2004-01-03,https://www.federalreserve.gov/boarddocs/speeches/2004/20040103/default.htm
390,2004-01-04,https://www.federalreserve.gov/boarddocs/speeches/2004/20040104/default.htm
391,2004-01-07,https://www.federalreserve.gov/boarddocs/speeches/2004/20040107/default.htm
392,2004-01-13,https://www.federalreserve.gov/boarddocs/speeches/2004/20040113/default.htm
393,2004-01-14,https://www.federalreserve.gov/boarddocs/speeches/2004/200401033/default.htm
394,2004-01-26,https://www.federalreserve.gov/boarddocs/speeches/2004/20040126/default.htm
395,2004-02-04,https://www.federalreserve.gov/boarddocs/speeches/2004/20040204/default.htm
396,2004-02-19,https://www.federalreserve.gov/boarddocs/speeches/2004/20040219/default.htm
397,2004-02-20,https://www.federalreserve.gov/boarddocs/speeches/2004/20040220/default.htm
398,2004-02-23,https://www.federalreserve.gov/boarddocs/speeches/2004/20040223/default.htm
399,2004-02-25,https://www.federalreserve.gov/boarddocs/speeches/2004/20040225/default.htm
400,2004-02-26,https://www.federalreserve.gov/boarddocs/speeches/2004/20040226/default.htm
401,2004-02-27,https://www.federalreserve.gov/boarddocs/speeches/2004/20040227/default.htm
402,2004-03-01,https://www.federalreserve.gov/boarddocs/speeches/2004/20040301/default.htm
403,2004-03-02,https://www.federalreserve.gov/boarddocs/speeches/2004/20040302/default.htm
404,2004-03-12,https://www.federalreserve.gov/boarddocs/speeches/2004/20040312/default.htm
405,2004-03-17,https://www.federalreserve.gov/boarddocs/speeches/2004/20040317/default.htm
406,2004-03-25,https://www.federalreserve.gov/boarddocs/speeches/2004/20040325/default.htm
407,2004-03-26,https://www.federalreserve.gov/boarddocs/speeches/2004/20040326/default.htm
408,2004-03-27,https://www.federalreserve.gov/boarddocs/speeches/2004/20040327/default.htm
409,2004-03-30,https://www.federalreserve.gov/boarddocs/speeches/2004/20040330/default.htm
410,2004-03-31,https://www.federalreserve.gov/boarddocs/speeches/2004/20040225/default.htm
411,2004-04-01,https://www.federalreserve.gov/boarddocs/speeches/2004/20040401/default.htm
412,2004-04-08,https://www.federalreserve.gov/boarddocs/speeches/2004/20040408/default.htm
413,2004-04-15,https://www.federalreserve.gov/boarddocs/speeches/2004/20040415/default.htm
414,2004-04-16,https://www.federalreserve.gov/boarddocs/speeches/2004/20040416/default.htm
415,2004-04-22,https://www.federalreserve.gov/boarddocs/speeches/2004/20040422/default.htm
416,2004-04-23,https://www.federalreserve.gov/boarddocs/speeches/2004/20040423/default.htm
417,2004-04-26,https://www.federalreserve.gov/boarddocs/speeches/2004/20040426/default.htm
418,2004-04-27,https://www.federalreserve.gov/boarddocs/speeches/2004/20040427/default.htm
419,2004-05-05,https://www.federalreserve.gov/boarddocs/speeches/2004/20040505/default.htm
420,2004-05-06,https://www.federalreserve.gov/boarddocs/speeches/2004/20040506/default.htm
421,2004-05-13,https://www.federalreserve.gov/boarddocs/speeches/2004/20040513/default.htm
422,2004-05-14,https://www.federalreserve.gov/boarddocs/speeches/2004/20040225/default.htm
423,2004-05-17,https://www.federalreserve.gov/boarddocs/speeches/2004/20040517/default.htm
424,2004-05-19,https://www.federalreserve.gov/boarddocs/speeches/2004/20040519/default.htm
425,2004-05-20,https://www.federalreserve.gov/boarddocs/speeches/2004/20040520/default.htm
426,2004-05-21,https://www.federalreserve.gov/boarddocs/speeches/2004/20040521/default.htm
427,2004-05-22,https://www.federalreserve.gov/boarddocs/speeches/2004/20040522/default.htm
428,2004-06-03,https://www.federalreserve.gov/boarddocs/speeches/2004/20040603/default.htm
429,2004-06-04,https://www.federalreserve.gov/boarddocs/speeches/2004/20040604/default.htm
430,2004-06-08,https://www.federalreserve.gov/boarddocs/speeches/2004/20040608/default.htm
431,2004-06-10,https://www.federalreserve.gov/boarddocs/speeches/2004/20040610/default.htm
432,2004-06-15,https://www.federalreserve.gov/boarddocs/speeches/2004/20040615/default.htm
433,2004-06-21,https://www.federalreserve.gov/boarddocs/speeches/2004/200402262/default.htm
434,2004-06-22,https://www.federalreserve.gov/boarddocs/speeches/2004/20040622/default.htm
435,2004-06-24,https://www.federalreserve.gov/boarddocs/speeches/2004/20040624/default.htm
436,2004-07-07,https://www.federalreserve.gov/boarddocs/speeches/2004/20040707/default.htm
437,2004-07-15,https://www.federalreserve.gov/boarddocs/speeches/2004/20040715/default.htm
438,2004-07-16,https://www.federalreserve.gov/boarddocs/speeches/2004/20040716/default.htm
439,2004-07-21,https://www.federalreserve.gov/boarddocs/speeches/2004/20040721/default.htm
440,2004-08-12,https://www.federalreserve.gov/boarddocs/speeches/2004/20040812/default.htm
441,2004-08-27,https://www.federalreserve.gov/boarddocs/speeches/2004/20040827/default.htm
442,2004-09-10,https://www.federalreserve.gov/boarddocs/speeches/2004/20040910/default.htm
443,2004-09-16,https://www.federalreserve.gov/boarddocs/speeches/2004/20040916/default.htm
444,2004-09-28,https://www.federalreserve.gov/boarddocs/speeches/2004/20040928/default.htm
445,2004-09-30,https://www.federalreserve.gov/boarddocs/speeches/2004/20040930/default.htm
446,2004-10-04,https://www.federalreserve.gov/boarddocs/speeches/2004/20041004/default.htm
447,2004-10-05,https://www.federalreserve.gov/boarddocs/speeches/2004/20041005/default.htm
448,2004-10-06,https://www.federalreserve.gov/boarddocs/speeches/2004/20041006/default.htm
449,2004-10-07,https://www.federalreserve.gov/boarddocs/speeches/2004/20041007/default.htm
450,2004-10-08,https://www.federalreserve.gov/boarddocs/speeches/2004/20041008/default.htm
451,2004-10-14,https://www.federalreserve.gov/boarddocs/speeches/2004/20041014/default.htm
452,2004-10-15,https://www.federalreserve.gov/boarddocs/speeches/2004/20041015/default.htm
453,2004-10-19,https://www.federalreserve.gov/boarddocs/speeches/2004/20041019/default.htm
454,2004-10-21,https://www.federalreserve.gov/boarddocs/speeches/2004/20041021/default.htm
455,2004-10-23,https://www.federalreserve.gov/boarddocs/speeches/2004/20041023/default.htm
456,2004-10-26,https://www.federalreserve.gov/boarddocs/speeches/2004/20041026/default.htm
457,2004-10-29,https://www.federalreserve.gov/boarddocs/speeches/2004/20041029/default.htm
458,2004-11-05,https://www.federalreserve.gov/boarddocs/speeches/2004/20041105/default.htm
459,2004-11-15,https://www.federalreserve.gov/boarddocs/speeches/2004/20041115/default.htm
460,2004-11-18,https://www.federalreserve.gov/boarddocs/speeches/2004/20041118/default.htm
461,2004-11-19,https://www.federalreserve.gov/boarddocs/speeches/2004/20041119/default.htm
462,2004-12-02,https://www.federalreserve.gov/boarddocs/speeches/2004/20041202/default.htm
463,2004-12-07,https://www.federalreserve.gov/boarddocs/speeches/2004/20041207/default.htm
464,2005-01-06,https://www.federalreserve.gov/boarddocs/speeches/2005/20050106/default.htm
465,2005-01-07,https://www.federalreserve.gov/boarddocs/speeches/2005/20050107/default.htm
466,2005-01-09,https://www.federalreserve.gov/boarddocs/speeches/2005/20050109/default.htm
467,2005-01-12,https://www.federalreserve.gov/boarddocs/speeches/2005/20050112/default.htm
468,2005-01-18,https://www.federalreserve.gov/boarddocs/speeches/2005/20050118/default.htm
469,2005-01-19,https://www.federalreserve.gov/boarddocs/speeches/2005/20050119/default.htm
470,2005-01-27,https://www.federalreserve.gov/boarddocs/speeches/2005/20050112/default.htm
471,2005-02-04,https://www.federalreserve.gov/boarddocs/speeches/2005/20050204/default.htm
472,2005-02-06,https://www.federalreserve.gov/boarddocs/speeches/2005/20050206/default.htm
473,2005-02-07,https://www.federalreserve.gov/boarddocs/speeches/2005/20050207/default.htm
474,2005-02-11,https://www.federalreserve.gov/boarddocs/speeches/2005/20050211/default.htm
475,2005-02-24,https://www.federalreserve.gov/boarddocs/speeches/2005/20050119/default.htm
476,2005-02-28,https://www.federalreserve.gov/boarddocs/speeches/2005/20050228/default.htm
477,2005-03-02,https://www.federalreserve.gov/boarddocs/speeches/2005/20050302/default.htm
478,2005-03-08,https://www.federalreserve.gov/boarddocs/speeches/2005/20050308/default.htm
479,2005-03-10,https://www.federalreserve.gov/boarddocs/speeches/2005/20050310/default.htm
480,2005-03-11,https://www.federalreserve.gov/boarddocs/speeches/2005/20050311/default.htm
481,2005-03-14,https://www.federalreserve.gov/boarddocs/speeches/2005/20050314/default.htm
482,2005-03-18,https://www.federalreserve.gov/boarddocs/speeches/2005/20050318/default.htm
483,2005-03-30,https://www.federalreserve.gov/boarddocs/speeches/2005/20050330/default.htm
484,2005-03-31,https://www.federalreserve.gov/boarddocs/speeches/2005/20050331/default.htm
485,2005-04-05,https://www.federalreserve.gov/boarddocs/speeches/2005/20050405/default.htm
486,2005-04-08,https://www.federalreserve.gov/boarddocs/speeches/2005/20050408/default.htm
487,2005-04-14,https://www.federalreserve.gov/boarddocs/speeches/2005/200504142/default.htm
488,2005-04-18,https://www.federalreserve.gov/boarddocs/speeches/2005/20050418/default.htm
489,2005-04-20,https://www.federalreserve.gov/boarddocs/speeches/2005/20050420/default.htm
490,2005-04-21,https://www.federalreserve.gov/boarddocs/speeches/2005/20050421/default.htm
491,2005-04-22,https://www.federalreserve.gov/boarddocs/speeches/2005/20050422/default.htm
492,2005-04-27,https://www.federalreserve.gov/boarddocs/speeches/2005/20050427/default.htm
493,2005-05-05,https://www.federalreserve.gov/boarddocs/speeches/2005/20050505/default.htm
494,2005-05-12,https://www.federalreserve.gov/boarddocs/speeches/2005/20050512/default.htm
495,2005-05-15,https://www.federalreserve.gov/boarddocs/speeches/2005/20050515/default.htm
496,2005-05-16,https://www.federalreserve.gov/boarddocs/speeches/2005/20050516/default.htm
497,2005-05-17,https://www.federalreserve.gov/boarddocs/speeches/2005/20050517/default.htm
498,2005-05-19,https://www.federalreserve.gov/boarddocs/speeches/2005/20050519/default.htm
499,2005-05-20,https://www.federalreserve.gov/boarddocs/speeches/2005/20050520/default.htm
500,2005-05-26,https://www.federalreserve.gov/boarddocs/speeches/2005/20050526/default.htm
501,2005-05-27,https://www.federalreserve.gov/boarddocs/speeches/2005/20050527/default.htm
502,2005-06-03,https://www.federalreserve.gov/boarddocs/speeches/2005/20050603/default.htm
503,2005-06-06,https://www.federalreserve.gov/boarddocs/speeches/2005/20050606/default.htm
504,2005-06-07,https://www.federalreserve.gov/boarddocs/speeches/2005/20050607/default.htm
505,2005-06-08,https://www.federalreserve.gov/boarddocs/speeches/2005/20050608/default.htm
506,2005-06-14,https://www.federalreserve.gov/boarddocs/speeches/2005/20050614/default.htm
507,2005-06-15,https://www.federalreserve.gov/boarddocs/speeches/2005/20050615/default.htm
508,2005-06-23,https://www.federalreserve.gov/boarddocs/speeches/2005/20050623/default.htm
509,2005-07-21,https://www.federalreserve.gov/boarddocs/speeches/2005/20050721/default.htm
510,2005-08-26,https://www.federalreserve.gov/boarddocs/speeches/2005/20050826/default.htm
511,2005-08-27,https://www.federalreserve.gov/boarddocs/speeches/2005/20050827/default.htm
512,2005-09-16,https://www.federalreserve.gov/boarddocs/speeches/2005/20050916/default.htm
513,2005-09-24,https://www.federalreserve.gov/boarddocs/speeches/2005/20050924/default.htm
514,2005-09-26,https://www.federalreserve.gov/boarddocs/speeches/2005/20050926/default.htm
515,2005-09-27,https://www.federalreserve.gov/boarddocs/speeches/2005/20050927/default.htm
516,2005-09-28,https://www.federalreserve.gov/boarddocs/speeches/2005/20050928/default.htm
517,2005-09-29,https://www.federalreserve.gov/boarddocs/speeches/2005/20050929/default.htm
518,2005-10-11,https://www.federalreserve.gov/boarddocs/speeches/2005/20051011/default.htm
519,2005-10-12,https://www.federalreserve.gov/boarddocs/speeches/2005/20051012/default.htm
520,2005-10-13,https://www.federalreserve.gov/boarddocs/speeches/2005/200510123/default.htm
521,2005-10-17,https://www.federalreserve.gov/boarddocs/speeches/2005/20051017/default.htm
522,2005-10-18,https://www.federalreserve.gov/boarddocs/speeches/2005/20051018/default.htm
523,2005-10-19,https://www.federalreserve.gov/boarddocs/speeches/2005/20051019/default.htm
524,2005-10-26,https://www.federalreserve.gov/boarddocs/speeches/2005/20051026/default.htm
525,2005-10-27,https://www.federalreserve.gov/boarddocs/speeches/2005/20051027/default.htm
526,2005-11-03,https://www.federalreserve.gov/boarddocs/speeches/2005/20051103/default.htm
527,2005-11-07,https://www.federalreserve.gov/boarddocs/speeches/2005/20051107/default.htm
528,2005-11-14,https://www.federalreserve.gov/boarddocs/speeches/2005/20051114/default.htm
529,2005-11-15,https://www.federalreserve.gov/boarddocs/speeches/2005/20051115/default.htm
530,2005-11-28,https://www.federalreserve.gov/boarddocs/speeches/2005/20051128/default.htm
531,2005-11-29,https://www.federalreserve.gov/boarddocs/speeches/2005/20051129/default.htm
532,2005-11-30,https://www.federalreserve.gov/boarddocs/speeches/2005/20051130/default.htm
533,2005-12-02,https://www.federalreserve.gov/boarddocs/speeches/2005/20051202/default.htm
534,2005-12-05,https://www.federalreserve.gov/boarddocs/speeches/2005/20051205/default.htm
535,2005-12-06,https://www.federalreserve.gov/boarddocs/speeches/2005/20051206/default.htm
536,2005-12-14,https://www.federalreserve.gov/boarddocs/speeches/2005/20051214/default.htm
537,2006-01-18,https://www.federalreserve.gov/newsevents/speech/bies20060118a.htm
538,2006-02-02,https://www.federalreserve.gov/newsevents/speech/bies20060202a.htm
539,2006-02-06,https://www.federalreserve.gov/newsevents/speech/bernanke20060206a.htm
540,2006-02-23,https://www.federalreserve.gov/newsevents/speech/ferguson20060223a.htm
541,2006-02-24,https://www.federalreserve.gov/newsevents/speech/ferguson20060224a.htm
542,2006-03-03,https://www.federalreserve.gov/newsevents/speech/ferguson20060303a.htm
543,2006-03-08,https://www.federalreserve.gov/newsevents/speech/bernanke20060308a.htm
544,2006-03-10,https://www.federalreserve.gov/newsevents/speech/ferguson20060310a.htm
545,2006-03-13,https://www.federalreserve.gov/newsevents/speech/olson20060313a.htm
546,2006-03-16,https://www.federalreserve.gov/newsevents/speech/kohn20060316a.htm
547,2006-03-20,https://www.federalreserve.gov/newsevents/speech/bernanke20060320a.htm
548,2006-03-29,https://www.federalreserve.gov/newsevents/speech/bies20060329a.htm
549,2006-03-31,https://www.federalreserve.gov/newsevents/speech/ferguson20060331a.htm
550,2006-04-03,https://www.federalreserve.gov/newsevents/speech/kroszner20060403a.htm
551,2006-04-05,https://www.federalreserve.gov/newsevents/speech/bernanke20060405a.htm
552,2006-04-06,https://www.federalreserve.gov/newsevents/speech/kroszner20060406a.htm
553,2006-04-10,https://www.federalreserve.gov/newsevents/speech/olson20060410a.htm
554,2006-04-13,https://www.federalreserve.gov/newsevents/speech/kohn20060413a.htm
555,2006-04-17,https://www.federalreserve.gov/newsevents/speech/ferguson20060417a.htm
556,2006-04-20,https://www.federalreserve.gov/newsevents/speech/bernanke20060420a.htm
557,2006-04-27,https://www.federalreserve.gov/newsevents/speech/kohn20060427a.htm
558,2006-04-28,https://www.federalreserve.gov/newsevents/speech/bies20060428a.htm
559,2006-05-03,https://www.federalreserve.gov/newsevents/speech/bernanke20060503a.htm
560,2006-05-04,https://www.federalreserve.gov/newsevents/speech/bies20060504a.htm
561,2006-05-11,https://www.federalreserve.gov/newsevents/speech/kohn20060511a.htm
562,2006-05-16,https://www.federalreserve.gov/newsevents/speech/bies20060516a.htm
563,2006-05-18,https://www.federalreserve.gov/newsevents/speech/bernanke20060518a.htm
564,2006-05-24,https://www.federalreserve.gov/newsevents/speech/kroszner20060524a.htm
565,2006-05-25,https://www.federalreserve.gov/newsevents/speech/olson20060525a.htm
566,2006-06-05,https://www.federalreserve.gov/newsevents/speech/bernanke20060605a.htm
567,2006-06-06,https://www.federalreserve.gov/newsevents/speech/bies20060606a.htm
568,2006-06-09,https://www.federalreserve.gov/newsevents/speech/bernanke20060609a.htm
569,2006-06-12,https://www.federalreserve.gov/newsevents/speech/olson20060612a.htm
570,2006-06-13,https://www.federalreserve.gov/newsevents/speech/bernanke20060613a.htm
571,2006-06-14,https://www.federalreserve.gov/newsevents/speech/bies20060614a.htm
572,2006-06-15,https://www.federalreserve.gov/newsevents/speech/kroszner20060615a.htm
573,2006-06-16,https://www.federalreserve.gov/newsevents/speech/kohn20060616a.htm
574,2006-07-04,https://www.federalreserve.gov/newsevents/speech/bies20060704a.htm
575,2006-07-06,https://www.federalreserve.gov/newsevents/speech/kohn20060706a.htm
576,2006-07-18,https://www.federalreserve.gov/newsevents/speech/warsh20060718a.htm
577,2006-08-25,https://www.federalreserve.gov/newsevents/speech/bernanke20060825a.htm
578,2006-08-31,https://www.federalreserve.gov/newsevents/speech/bernanke20060831a.htm
579,2006-09-01,https://www.federalreserve.gov/newsevents/speech/bernanke20060901a.htm
580,2006-09-11,https://www.federalreserve.gov/newsevents/speech/kohn20060911a.htm
581,2006-09-27,https://www.federalreserve.gov/newsevents/speech/kroszner20060927a.htm
582,2006-10-04,https://www.federalreserve.gov/newsevents/speech/bernanke20061004a.htm
583,2006-10-11,https://www.federalreserve.gov/newsevents/speech/bies20061011a.htm
584,2006-10-12,https://www.federalreserve.gov/newsevents/speech/mishkin20061012a.htm
585,2006-10-16,https://www.federalreserve.gov/newsevents/speech/bernanke20061016a.htm
586,2006-10-17,https://www.federalreserve.gov/newsevents/speech/bies20061017a.htm
587,2006-11-01,https://www.federalreserve.gov/newsevents/speech/bernanke20061101a.htm
588,2006-11-02,https://www.federalreserve.gov/newsevents/speech/bies20061102a.htm
589,2006-11-03,https://www.federalreserve.gov/newsevents/speech/kohn20061103a.htm
590,2006-11-10,https://www.federalreserve.gov/newsevents/speech/bernanke20061110a.htm
591,2006-11-16,https://www.federalreserve.gov/newsevents/speech/kroszner20061116a.htm
592,2006-11-21,https://www.federalreserve.gov/newsevents/speech/warsh20061121a.htm
593,2006-11-28,https://www.federalreserve.gov/newsevents/speech/bernanke20061128a.htm
594,2006-11-30,https://www.federalreserve.gov/newsevents/speech/bies20061130a.htm
595,2006-12-01,https://www.federalreserve.gov/newsevents/speech/bernanke20061201a.htm
596,2006-12-15,https://www.federalreserve.gov/newsevents/speech/bernanke20061215a.htm
597,2007-01-05,https://www.federalreserve.gov/newsevents/speech/bernanke20070105a.htm
598,2007-01-08,https://www.federalreserve.gov/newsevents/speech/kohn20070108a.htm
599,2007-01-11,https://www.federalreserve.gov/newsevents/speech/bies20070111a.htm
600,2007-01-17,https://www.federalreserve.gov/newsevents/speech/mishkin20070117a.htm
601,2007-01-18,https://www.federalreserve.gov/newsevents/speech/bies20070118a.htm
602,2007-02-06,https://www.federalreserve.gov/newsevents/speech/bernanke20070206a.htm
603,2007-02-21,https://www.federalreserve.gov/newsevents/speech/kohn20070221a.htm
604,2007-02-26,https://www.federalreserve.gov/newsevents/speech/bies20070226a.htm
605,2007-03-02,https://www.federalreserve.gov/newsevents/speech/bernanke20070302a.htm
606,2007-03-05,https://www.federalreserve.gov/newsevents/speech/kroszner20070305a.htm
607,2007-03-06,https://www.federalreserve.gov/newsevents/speech/bernanke20070306a.htm
608,2007-03-09,https://www.federalreserve.gov/newsevents/speech/kohn20070309a.htm
609,2007-03-12,https://www.federalreserve.gov/newsevents/speech/kroszner20070312a.htm
610,2007-03-22,https://www.federalreserve.gov/newsevents/speech/kroszner20070322a.htm
611,2007-03-23,https://www.federalreserve.gov/newsevents/speech/mishkin20070323a.htm
612,2007-03-30,https://www.federalreserve.gov/newsevents/speech/bernanke20070330a.htm
613,2007-04-10,https://www.federalreserve.gov/newsevents/speech/mishkin20070410a.htm
614,2007-04-11,https://www.federalreserve.gov/newsevents/speech/bernanke20070411a.htm
615,2007-04-20,https://www.federalreserve.gov/newsevents/speech/mishkin20070420a.htm
616,2007-04-25,https://www.federalreserve.gov/newsevents/speech/bernanke20070425a.htm
617,2007-04-26,https://www.federalreserve.gov/newsevents/speech/mishkin20070426a.htm
618,2007-05-01,https://www.federalreserve.gov/newsevents/speech/bernanke20070501a.htm
619,2007-05-10,https://www.federalreserve.gov/newsevents/speech/kroszner20070510a.htm
620,2007-05-15,https://www.federalreserve.gov/newsevents/speech/bernanke20070515a.htm
621,2007-05-16,https://www.federalreserve.gov/newsevents/speech/kroszner20070516a.htm
622,2007-05-17,https://www.federalreserve.gov/newsevents/speech/bernanke20070517a.htm
623,2007-05-22,https://www.federalreserve.gov/newsevents/speech/bernanke20070522a.htm
624,2007-05-23,https://www.federalreserve.gov/newsevents/speech/kroszner20070523a.htm
625,2007-05-24,https://www.federalreserve.gov/newsevents/speech/mishkin20070524a.htm
626,2007-06-01,https://www.federalreserve.gov/newsevents/speech/kroszner20070601a.htm
627,2007-06-05,https://www.federalreserve.gov/newsevents/speech/bernanke20070605a.htm
628,2007-06-14,https://www.federalreserve.gov/newsevents/speech/kroszner20070614a.htm
629,2007-06-15,https://www.federalreserve.gov/newsevents/speech/bernanke20070615a.htm
630,2007-06-23,https://www.federalreserve.gov/newsevents/speech/mishkin20070623a.htm
631,2007-07-10,https://www.federalreserve.gov/newsevents/speech/bernanke20070710a.htm
632,2007-07-12,https://www.federalreserve.gov/newsevents/speech/kroszner20070712a.htm
633,2007-08-01,https://www.federalreserve.gov/newsevents/speech/kroszner20070801a.htm
634,2007-08-31,https://www.federalreserve.gov/newsevents/speech/bernanke20070831a.htm
635,2007-09-01,https://www.federalreserve.gov/pubs/feds/2007/200740/200740abs.html
636,2007-09-06,https://www.federalreserve.gov/newsevents/speech/kroszner20070906a.htm
637,2007-09-10,https://www.federalreserve.gov/newsevents/speech/mishkin20070910a.htm
638,2007-09-11,https://www.federalreserve.gov/newsevents/speech/bernanke20070911a.htm
639,2007-09-21,https://www.federalreserve.gov/pubs/feds/2007/200744/200744abs.html
640,2007-09-24,https://www.federalreserve.gov/newsevents/speech/bernanke20070924a.htm
641,2007-09-27,https://www.federalreserve.gov/newsevents/speech/mishkin20070927a.htm
642,2007-09-28,https://www.federalreserve.gov/newsevents/speech/mishkin20070928a.htm
643,2007-10-05,https://www.federalreserve.gov/newsevents/speech/kohn20071004a.htm
644,2007-10-11,https://www.federalreserve.gov/newsevents/speech/kroszner20071011a.htm
645,2007-10-12,https://www.federalreserve.gov/newsevents/speech/bernanke20071012a.htm
646,2007-10-15,https://www.federalreserve.gov/newsevents/speech/bernanke20071015a.htm
647,2007-10-19,https://www.federalreserve.gov/newsevents/speech/bernanke20071019a.htm
648,2007-10-20,https://www.federalreserve.gov/newsevents/speech/mishkin20071020a.htm
649,2007-10-22,https://www.federalreserve.gov/newsevents/speech/kroszner20071022a.htm
650,2007-10-26,https://www.federalreserve.gov/newsevents/speech/mishkin20071026a.htm
651,2007-11-05,https://www.federalreserve.gov/newsevents/speech/mishkin20071105a.htm
652,2007-11-06,https://www.federalreserve.gov/newsevents/speech/bernanke20071106a.htm
653,2007-11-07,https://www.federalreserve.gov/newsevents/speech/warsh20071107a.htm
654,2007-11-13,https://www.federalreserve.gov/newsevents/speech/kroszner20071113a.htm
655,2007-11-14,https://www.federalreserve.gov/newsevents/speech/bernanke20071114a.htm
656,2007-11-16,https://www.federalreserve.gov/newsevents/speech/kroszner2007116a.htm
657,2007-11-28,https://www.federalreserve.gov/newsevents/speech/kohn20071128a.htm
658,2007-11-29,https://www.federalreserve.gov/newsevents/speech/mishkin20071129a.htm
659,2007-11-30,https://www.federalreserve.gov/newsevents/speech/kroszner20071130a.htm
660,2008-01-04,https://www.federalreserve.gov/newsevents/speech/kohn20080104a.htm
661,2008-01-05,https://www.federalreserve.gov/newsevents/speech/kohn20080105a.htm
662,2008-01-10,https://www.federalreserve.gov/newsevents/speech/bernanke20080110a.htm
663,2008-01-11,https://www.federalreserve.gov/newsevents/speech/mishkin20080111a.htm
664,2008-02-04,https://www.federalreserve.gov/newsevents/speech/kroszner20080204a.htm
665,2008-02-15,https://www.federalreserve.gov/newsevents/speech/mishkin20080215a.htm
666,2008-02-25,https://www.federalreserve.gov/newsevents/speech/kroszner20080225a.htm
667,2008-02-26,https://www.federalreserve.gov/newsevents/speech/kohn20080226a.htm
668,2008-02-27,https://www.federalreserve.gov/newsevents/speech/mishkin20080227a.htm
669,2008-02-29,https://www.federalreserve.gov/newsevents/speech/mishkin20080229a.htm
670,2008-03-03,https://www.federalreserve.gov/newsevents/speech/kroszner20080303a.htm
671,2008-03-04,https://www.federalreserve.gov/newsevents/speech/bernanke20080304a.htm
672,2008-03-07,https://www.federalreserve.gov/newsevents/speech/kohn20080307a.htm
673,2008-03-11,https://www.federalreserve.gov/newsevents/speech/kroszner20080311a.htm
674,2008-03-14,https://www.federalreserve.gov/newsevents/speech/bernanke20080314a.htm
675,2008-03-27,https://www.federalreserve.gov/newsevents/speech/kroszner20080327a.htm
676,2008-04-03,https://www.federalreserve.gov/newsevents/speech/mishkin20080403a.htm
677,2008-04-04,https://www.federalreserve.gov/newsevents/speech/kroszner20080404a.htm
678,2008-04-07,https://www.federalreserve.gov/newsevents/speech/kohn20080407a.htm
679,2008-04-09,https://www.federalreserve.gov/newsevents/speech/bernanke20080409a.htm
680,2008-04-10,https://www.federalreserve.gov/newsevents/speech/bernanke20080410a.htm
681,2008-04-14,https://www.federalreserve.gov/newsevents/speech/warsh20080414a.htm
682,2008-04-17,https://www.federalreserve.gov/newsevents/speech/kohn20080417a.htm
683,2008-04-21,https://www.federalreserve.gov/newsevents/speech/kroszner20080421a.htm
684,2008-05-05,https://www.federalreserve.gov/newsevents/speech/Bernanke20080505a.htm
685,2008-05-07,https://www.federalreserve.gov/newsevents/speech/kroszner20080507a.htm
686,2008-05-13,https://www.federalreserve.gov/newsevents/speech/bernanke20080513.htm
687,2008-05-14,https://www.federalreserve.gov/newsevents/speech/kroszner20080514a.htm
688,2008-05-15,https://www.federalreserve.gov/newsevents/speech/bernanke20080515a.htm
689,2008-05-20,https://www.federalreserve.gov/newsevents/speech/kohn20080520a.htm
690,2008-05-21,https://www.federalreserve.gov/newsevents/speech/warsh20080521a.htm
691,2008-05-22,https://www.federalreserve.gov/newsevents/speech/kroszner20080522a.htm
692,2008-05-29,https://www.federalreserve.gov/newsevents/speech/bernanke20080513.htm
693,2008-06-03,https://www.federalreserve.gov/newsevents/speech/bernanke20080603a.htm
694,2008-06-04,https://www.federalreserve.gov/newsevents/speech/bernanke20080604a.htm
695,2008-06-06,https://www.federalreserve.gov/newsevents/speech/kroszner20080606a.htm
696,2008-06-09,https://www.federalreserve.gov/newsevents/speech/bernanke20080609a.htm
697,2008-06-11,https://www.federalreserve.gov/newsevents/speech/Kohn20080611a.htm
698,2008-06-12,https://www.federalreserve.gov/newsevents/speech/bernanke20080612a.htm
699,2008-06-16,https://www.federalreserve.gov/newsevents/speech/bernanke20080616a.htm
700,2008-06-26,https://www.federalreserve.gov/newsevents/speech/kohn20080626a.htm
701,2008-07-02,https://www.federalreserve.gov/newsevents/speech/mishkin20080702a.htm
702,2008-07-08,https://www.federalreserve.gov/newsevents/speech/bernanke20080708a.htm
703,2008-07-17,https://www.federalreserve.gov/newsevents/speech/kroszner20080717a.htm
704,2008-07-28,https://www.federalreserve.gov/newsevents/speech/mishkin20080728a.htm
705,2008-08-22,https://www.federalreserve.gov/newsevents/speech/bernanke20080822a.htm
706,2008-09-01,https://www.federalreserve.gov/newsevents/speech/kroszner20080901a.htm
707,2008-09-09,https://www.federalreserve.gov/newsevents/speech/bernanke20080909a.htm
708,2008-09-11,https://www.federalreserve.gov/newsevents/speech/kohn20080911a.htm
709,2008-10-07,https://www.federalreserve.gov/newsevents/speech/bernanke20081007a.htm
710,2008-10-14,https://www.federalreserve.gov/newsevents/speech/bernanke20081014a.htm
711,2008-10-15,https://www.federalreserve.gov/newsevents/speech/bernanke20081015a.htm
712,2008-10-20,https://www.federalreserve.gov/newsevents/speech/kroszner20081020a.htm
713,2008-10-31,https://www.federalreserve.gov/newsevents/speech/bernanke20081031a.htm
714,2008-11-06,https://www.federalreserve.gov/newsevents/speech/warsh20081106a.htm
715,2008-11-12,https://www.federalreserve.gov/newsevents/speech/kohn20081112a.htm
716,2008-11-14,https://www.federalreserve.gov/newsevents/speech/bernanke20081214a.htm
717,2008-11-19,https://www.federalreserve.gov/newsevents/speech/kohn20081119a.htm
718,2008-12-01,https://www.federalreserve.gov/newsevents/speech/bernanke20081201a.htm
719,2008-12-03,https://www.federalreserve.gov/newsevents/speech/kroszner20081203a.htm
720,2008-12-04,https://www.federalreserve.gov/newsevents/speech/bernanke20081204a.htm
721,2008-12-08,https://www.federalreserve.gov/newsevents/speech/kroszner20081208a.htm
722,2009-01-13,https://www.federalreserve.gov/newsevents/speech/bernanke20090113a.htm
723,2009-02-11,https://www.federalreserve.gov/newsevents/speech/duke20090211a.htm
724,2009-02-16,https://www.federalreserve.gov/newsevents/speech/duke20090216a.htm
725,2009-02-18,https://www.federalreserve.gov/newsevents/speech/bernanke20090218a.htm
726,2009-02-24,https://www.federalreserve.gov/newsevents/speech/duke20090224a.htm
727,2009-03-07,https://www.federalreserve.gov/newsevents/speech/bernanke20090307a.htm
728,2009-03-10,https://www.federalreserve.gov/newsevents/speech/bernanke20090310a.htm
729,2009-03-20,https://www.federalreserve.gov/newsevents/speech/bernanke20090320a.htm
730,2009-03-30,https://www.federalreserve.gov/newsevents/speech/duke20090330a.htm
731,2009-04-03,https://www.federalreserve.gov/newsevents/speech/kohn20090403a.htm
732,2009-04-06,https://www.federalreserve.gov/newsevents/speech/warsh20090406a.htm
733,2009-04-14,https://www.federalreserve.gov/newsevents/speech/bernanke20090414a.htm
734,2009-04-17,https://www.federalreserve.gov/newsevents/speech/bernanke20090417a.htm
735,2009-04-18,https://www.federalreserve.gov/newsevents/speech/kohn20090418a.htm
736,2009-04-20,https://www.federalreserve.gov/newsevents/speech/kohn20090420a.htm
737,2009-05-07,https://www.federalreserve.gov/newsevents/speech/bernanke20090507a.htm
738,2009-05-11,https://www.federalreserve.gov/newsevents/speech/bernanke20090511a.htm
739,2009-05-22,https://www.federalreserve.gov/newsevents/speech/bernanke20090522a.htm
740,2009-05-23,https://www.federalreserve.gov/newsevents/speech/kohn20090523a.htm
741,2009-06-04,https://www.federalreserve.gov/newsevents/speech/bernanke20090604a.htm
742,2009-06-08,https://www.federalreserve.gov/newsevents/speech/tarullo20090608a.htm
743,2009-06-10,https://www.federalreserve.gov/newsevents/speech/duke20090610a.htm
744,2009-06-15,https://www.federalreserve.gov/newsevents/speech/tarullo20090615a.htm
745,2009-06-16,https://www.federalreserve.gov/newsevents/speech/warsh20090616a.htm
746,2009-06-17,https://www.federalreserve.gov/newsevents/speech/bernanke20090617a.htm
747,2009-06-26,https://www.federalreserve.gov/newsevents/speech/bernanke20090626a.htm
748,2009-07-09,https://www.federalreserve.gov/newsevents/speech/duke20090709a.htm
749,2009-07-10,https://www.federalreserve.gov/newsevents/speech/kohn20090710a.htm
750,2009-08-21,https://www.federalreserve.gov/newsevents/speech/bernanke20090821a.htm
751,2009-08-25,https://www.federalreserve.gov/newsevents/speech/tarullo20090825a.htm
752,2009-09-10,https://www.federalreserve.gov/newsevents/speech/kohn20090910a.htm
753,2009-09-14,https://www.federalreserve.gov/newsevents/speech/duke20090914a.htm
754,2009-09-15,https://www.federalreserve.gov/newsevents/speech/bernanke20090821a.htm
755,2009-09-25,https://www.federalreserve.gov/newsevents/speech/bernanke20090925a.htm
756,2009-09-30,https://www.federalreserve.gov/newsevents/speech/kohn20090930a.htm
757,2009-10-08,https://www.federalreserve.gov/newsevents/speech/tarullo20091008a.htm
758,2009-10-09,https://www.federalreserve.gov/newsevents/speech/kohn20091009a.htm
759,2009-10-13,https://www.federalreserve.gov/newsevents/speech/kohn20091013a.htm
760,2009-10-19,https://www.federalreserve.gov/newsevents/speech/bernanke20091019a.htm
761,2009-10-21,https://www.federalreserve.gov/newsevents/speech/tarullo20091021a.htm
762,2009-10-23,https://www.federalreserve.gov/newsevents/speech/bernanke20091023a.htm
763,2009-11-02,https://www.federalreserve.gov/newsevents/speech/tarullo20091102a.htm
764,2009-11-09,https://www.federalreserve.gov/newsevents/speech/tarullo20091109a.htm
765,2009-11-10,https://www.federalreserve.gov/newsevents/speech/tarullo20091110a.htm
766,2009-11-16,https://www.federalreserve.gov/newsevents/speech/bernanke20091116a.htm
767,2009-12-07,https://www.federalreserve.gov/newsevents/speech/bernanke20091207a.htm
768,2009-12-09,https://www.federalreserve.gov/newsevents/speech/duke20091209a.htm
769,2009-12-10,https://www.federalreserve.gov/newsevents/speech/duke20091210a.htm
770,2010-01-03,https://www.federalreserve.gov/newsevents/speech/kohn20100103a.htm
771,2010-01-04,https://www.federalreserve.gov/newsevents/speech/duke20100104a.htm
772,2010-01-29,https://www.federalreserve.gov/newsevents/speech/kohn20100129a.htm
773,2010-02-03,https://www.federalreserve.gov/newsevents/speech/warsh20100203a.htm
774,2010-02-18,https://www.federalreserve.gov/newsevents/speech/duke20100218a.htm
775,2010-02-26,https://www.federalreserve.gov/newsevents/speech/tarullo20100226a.htm
776,2010-03-18,https://www.federalreserve.gov/newsevents/speech/tarullo20100318a.htm
777,2010-03-20,https://www.federalreserve.gov/newsevents/speech/bernanke20100320a.htm
778,2010-03-24,https://www.federalreserve.gov/newsevents/speech/kohn20100324a.htm
779,2010-03-26,https://www.federalreserve.gov/newsevents/speech/warsh20100326a.htm
780,2010-03-31,https://www.federalreserve.gov/newsevents/speech/duke20100331a.htm
781,2010-04-07,https://www.federalreserve.gov/newsevents/speech/20100407a.htm
782,2010-04-08,https://www.federalreserve.gov/newsevents/speech/duke20100408a.htm
783,2010-04-13,https://www.federalreserve.gov/newsevents/speech/tarullo20100413a.htm
784,2010-04-19,https://www.federalreserve.gov/newsevents/speech/duke20100419a.htm
785,2010-04-21,https://www.federalreserve.gov/newsevents/speech/bernanke20100421a.htm
786,2010-04-27,https://www.federalreserve.gov/newsevents/speech/bernanke20100427a.htm
787,2010-05-01,https://www.federalreserve.gov/newsevents/speech/duke20100501a.htm
788,2010-05-06,https://www.federalreserve.gov/newsevents/speech/bernanke20100506a.htm
789,2010-05-08,https://www.federalreserve.gov/newsevents/speech/bernanke20100508a.htm
790,2010-05-11,https://www.federalreserve.gov/newsevents/speech/kohn20100511a.htm
791,2010-05-13,https://www.federalreserve.gov/newsevents/speech/kohn20100513a.htm
792,2010-05-25,https://www.federalreserve.gov/newsevents/speech/bernanke20100525a.htm
793,2010-05-30,https://www.federalreserve.gov/newsevents/speech/bernanke20100530a.htm
794,2010-06-03,https://www.federalreserve.gov/newsevents/speech/bernanke20100603a.htm
795,2010-06-08,https://www.federalreserve.gov/newsevents/speech/duke20100608a.htm
796,2010-06-09,https://www.federalreserve.gov/newsevents/speech/bernanke20100609a.htm
797,2010-06-16,https://www.federalreserve.gov/newsevents/speech/bernanke20100616a.htm
798,2010-06-28,https://www.federalreserve.gov/newsevents/speech/warsh20100628a.htm
799,2010-06-30,https://www.federalreserve.gov/newsevents/speech/duke20100630a.htm
800,2010-07-12,https://www.federalreserve.gov/newsevents/speech/bernanke20100712a.htm
801,2010-07-15,https://www.federalreserve.gov/newsevents/speech/duke20100715a.htm
802,2010-08-02,https://www.federalreserve.gov/newsevents/speech/bernanke20100802a.htm
803,2010-08-27,https://www.federalreserve.gov/newsevents/speech/bernanke20100827a.htm
804,2010-09-01,https://www.federalreserve.gov/newsevents/speech/duke20100901a.htm
805,2010-09-17,https://www.federalreserve.gov/newsevents/speech/tarullo20100917a.htm
806,2010-09-24,https://www.federalreserve.gov/newsevents/speech/duke20100924a.htm
807,2010-09-30,https://www.federalreserve.gov/newsevents/speech/bernanke20100930a.htm
808,2010-10-04,https://www.federalreserve.gov/newsevents/speech/bernanke20101004a.htm
809,2010-10-11,https://www.federalreserve.gov/newsevents/speech/yellen20101011a.htm
810,2010-10-15,https://www.federalreserve.gov/newsevents/speech/bernanke20101015a.htm
811,2010-10-19,https://www.federalreserve.gov/newsevents/speech/bernanke20101019a.htm
812,2010-10-25,https://www.federalreserve.gov/newsevents/speech/bernanke20101025a.htm
813,2010-11-08,https://www.federalreserve.gov/newsevents/speech/warsh20101108a.htm
814,2010-11-12,https://www.federalreserve.gov/newsevents/speech/tarullo20101112a.htm
815,2010-11-19,https://www.federalreserve.gov/newsevents/speech/bernanke20101119a.htm
816,2010-12-01,https://www.federalreserve.gov/newsevents/speech/yellen20101201a.htm
817,2010-12-02,https://www.federalreserve.gov/newsevents/speech/duke20101202a.htm
818,2011-01-07,https://www.federalreserve.gov/newsevents/speech/duke20110107a.htm
819,2011-01-08,https://www.federalreserve.gov/newsevents/speech/yellen20110108a.htm
820,2011-02-02,https://www.federalreserve.gov/newsevents/speech/duke20110202a.htm
821,2011-02-03,https://www.federalreserve.gov/newsevents/speech/bernanke20110203a.htm
822,2011-02-11,https://www.federalreserve.gov/newsevents/speech/raskin20110211a.htm
823,2011-02-18,https://www.federalreserve.gov/newsevents/speech/bernanke20110218a.htm
824,2011-02-25,https://www.federalreserve.gov/newsevents/speech/yellen20110225a.htm
825,2011-03-02,https://www.federalreserve.gov/newsevents/speech/bernanke20110302a.htm
826,2011-03-04,https://www.federalreserve.gov/newsevents/speech/yellen20110304a.htm
827,2011-03-23,https://www.federalreserve.gov/newsevents/speech/bernanke20110323a.htm
828,2011-03-24,https://www.federalreserve.gov/newsevents/speech/duke20110324a.htm
829,2011-03-31,https://www.federalreserve.gov/newsevents/speech/tarullo20110331a.htm
830,2011-04-04,https://www.federalreserve.gov/newsevents/speech/bernanke20110404a.htm
831,2011-04-07,https://www.federalreserve.gov/newsevents/speech/raskin20110407a.htm
832,2011-04-11,https://www.federalreserve.gov/newsevents/speech/yellen20110411a.htm
833,2011-04-14,https://www.federalreserve.gov/newsevents/speech/duke20110414a.htm
834,2011-04-28,https://www.federalreserve.gov/newsevents/speech/duke20110428a.htm
835,2011-04-29,https://www.federalreserve.gov/newsevents/speech/bernanke20110429a.htm
836,2011-05-05,https://www.federalreserve.gov/newsevents/speech/bernanke20110505a.htm
837,2011-05-06,https://www.federalreserve.gov/newsevents/speech/yellen20110506a.htm
838,2011-05-10,https://www.federalreserve.gov/newsevents/speech/duke20110510a.htm
839,2011-05-12,https://www.federalreserve.gov/newsevents/speech/bernanke20110512a.htm
840,2011-05-16,https://www.federalreserve.gov/newsevents/speech/bernanke20110516a.htm
841,2011-05-24,https://www.federalreserve.gov/newsevents/speech/duke20110524a.htm
842,2011-06-01,https://www.federalreserve.gov/newsevents/speech/yellen20110601a.htm
843,2011-06-03,https://www.federalreserve.gov/newsevents/speech/tarullo20110603a.htm
844,2011-06-07,https://www.federalreserve.gov/newsevents/speech/bernanke20110607a.htm
845,2011-06-09,https://www.federalreserve.gov/newsevents/speech/yellen20110609a.htm
846,2011-06-14,https://www.federalreserve.gov/newsevents/speech/bernanke20110614a.htm
847,2011-06-29,https://www.federalreserve.gov/newsevents/speech/raskin20110629a.htm
848,2011-08-26,https://www.federalreserve.gov/newsevents/speech/bernanke20110826a.htm
849,2011-09-01,https://www.federalreserve.gov/newsevents/speech/duke20110901a.htm
850,2011-09-08,https://www.federalreserve.gov/newsevents/speech/bernanke20110908a.htm
851,2011-09-15,https://www.federalreserve.gov/newsevents/speech/bernanke20110915a.htm
852,2011-09-26,https://www.federalreserve.gov/newsevents/speech/raskin20110926a.htm
853,2011-09-28,https://www.federalreserve.gov/newsevents/speech/bernanke20110928a.htm
854,2011-10-04,https://www.federalreserve.gov/newsevents/speech/raskin20111004a.htm
855,2011-10-18,https://www.federalreserve.gov/newsevents/speech/bernanke20111018a.htm
856,2011-10-20,https://www.federalreserve.gov/newsevents/speech/tarullo20111020a.htm
857,2011-10-21,https://www.federalreserve.gov/newsevents/speech/yellen20111021a.htm
858,2011-10-22,https://www.federalreserve.gov/newsevents/speech/duke20111022a.htm
859,2011-11-04,https://www.federalreserve.gov/newsevents/speech/tarullo20111104a.htm
860,2011-11-09,https://www.federalreserve.gov/newsevents/speech/bernanke20111109a.htm
861,2011-11-10,https://www.federalreserve.gov/newsevents/speech/bernanke20111110a.htm
862,2011-11-11,https://www.federalreserve.gov/newsevents/speech/yellen20111111a.htm
863,2011-11-29,https://www.federalreserve.gov/newsevents/speech/yellen20111129a.htm
864,2012-01-06,https://www.federalreserve.gov/newsevents/speech/duke20120106a.htm
865,2012-01-07,https://www.federalreserve.gov/newsevents/speech/raskin20120107a.htm
866,2012-01-13,https://www.federalreserve.gov/newsevents/speech/duke20120113a.htm
867,2012-01-16,https://www.federalreserve.gov/newsevents/speech/duke20120116a.htm
868,2012-02-10,https://www.federalreserve.gov/newsevents/speech/bernanke20110210a.htm
869,2012-02-16,https://www.federalreserve.gov/newsevents/speech/bernanke20120216a.htm
870,2012-03-01,https://www.federalreserve.gov/newsevents/speech/raskin20120301a.htm
871,2012-03-14,https://www.federalreserve.gov/newsevents/speech/bernanke20120314a.htm
872,2012-03-23,https://www.federalreserve.gov/newsevents/speech/bernanke20120323a.htm
873,2012-03-26,https://www.federalreserve.gov/newsevents/speech/bernanke20120326a.htm
874,2012-03-27,https://www.federalreserve.gov/newsevents/speech/duke20120327a.htm
875,2012-04-09,https://www.federalreserve.gov/newsevents/speech/bernanke20120409a.htm
876,2012-04-10,https://www.federalreserve.gov/newsevents/speech/tarullo20120410a.htm
877,2012-04-11,https://www.federalreserve.gov/newsevents/speech/yellen20120411a.htm
878,2012-04-12,https://www.federalreserve.gov/newsevents/speech/raskin20120411a.htm
879,2012-04-13,https://www.federalreserve.gov/newsevents/speech/bernanke20120413a.htm
880,2012-05-02,https://www.federalreserve.gov/newsevents/speech/tarullo20120502a.htm
881,2012-05-10,https://www.federalreserve.gov/newsevents/speech/bernanke20120510a.htm
882,2012-05-15,https://www.federalreserve.gov/newsevents/speech/duke20120515a.htm
883,2012-06-06,https://www.federalreserve.gov/newsevents/speech/yellen20120606a.htm
884,2012-06-12,https://www.federalreserve.gov/newsevents/speech/tarullo20120612a.htm
885,2012-07-20,https://www.federalreserve.gov/newsevents/speech/duke20120720a.htm
886,2012-07-23,https://www.federalreserve.gov/newsevents/speech/raskin20120723a.htm
887,2012-07-24,https://www.federalreserve.gov/newsevents/speech/bernanke20120724a.htm
888,2012-08-06,https://www.federalreserve.gov/newsevents/speech/bernanke20120806a.htm
889,2012-08-07,https://www.federalreserve.gov/newsevents/speech/bernanke20120807a.htm
890,2012-08-31,https://www.federalreserve.gov/newsevents/speech/bernanke20120831a.htm
891,2012-10-01,https://www.federalreserve.gov/newsevents/speech/bernanke20121001a.htm
892,2012-10-05,https://www.federalreserve.gov/newsevents/speech/duke20121005a.htm
893,2012-10-10,https://www.federalreserve.gov/newsevents/speech/tarullo20121010a.htm
894,2012-10-11,https://www.federalreserve.gov/newsevents/speech/yellen20121011a.htm
895,2012-10-14,https://www.federalreserve.gov/newsevents/speech/bernanke20121014a.htm
896,2012-11-09,https://www.federalreserve.gov/newsevents/speech/duke20121109a.htm
897,2012-11-13,https://www.federalreserve.gov/newsevents/speech/yellen20121113a.htm
898,2012-11-15,https://www.federalreserve.gov/newsevents/speech/bernanke20121115a.htm
899,2012-11-20,https://www.federalreserve.gov/newsevents/speech/bernanke20121120a.htm
900,2012-11-28,https://www.federalreserve.gov/newsevents/speech/tarullo20121128a.htm
901,2012-11-30,https://www.federalreserve.gov/newsevents/speech/stein20121130a.htm
902,2012-12-04,https://www.federalreserve.gov/newsevents/speech/tarullo20121204a.htm
903,2012-12-17,https://www.federalreserve.gov/newsevents/speech/stein20121217a.htm
904,2013-01-04,https://www.federalreserve.gov/newsevents/speech/yellen20130104a.htm
905,2013-02-05,https://www.federalreserve.gov/newsevents/speech/duke20130205a.htm
906,2013-02-07,https://www.federalreserve.gov/newsevents/speech/stein20130207a.htm
907,2013-02-11,https://www.federalreserve.gov/newsevents/speech/yellen20130211a.htm
908,2013-02-22,https://www.federalreserve.gov/newsevents/speech/powell20130221a.htm
909,2013-02-28,https://www.federalreserve.gov/newsevents/speech/raskin20130228a.htm
910,2013-03-01,https://www.federalreserve.gov/newsevents/speech/bernanke20130301a.htm
911,2013-03-04,https://www.federalreserve.gov/newsevents/speech/yellen20130302a.htm
912,2013-03-08,https://www.federalreserve.gov/newsevents/speech/duke20130308a.htm
913,2013-03-22,https://www.federalreserve.gov/newsevents/speech/raskin20130322.htm
914,2013-03-25,https://www.federalreserve.gov/newsevents/speech/bernanke20130325a.htm
915,2013-04-04,https://www.federalreserve.gov/newsevents/speech/20130404a.htm
916,2013-04-08,https://www.federalreserve.gov/newsevents/speech/bernanke20130408a.htm
917,2013-04-12,https://www.federalreserve.gov/newsevents/speech/bernanke20130412a.htm
918,2013-04-16,https://www.federalreserve.gov/newsevents/speech/yellen20130416a.htm
919,2013-04-17,https://www.federalreserve.gov/newsevents/speech/stein20130417a.htm
920,2013-04-18,https://www.federalreserve.gov/newsevents/speech/raskin20130418a.htm
921,2013-04-19,https://www.federalreserve.gov/newsevents/speech/stein20130419a.htm
922,2013-05-03,https://www.federalreserve.gov/newsevents/speech/tarullo20130503a.htm
923,2013-05-09,https://www.federalreserve.gov/newsevents/speech/duke20130509a.htm
924,2013-05-10,https://www.federalreserve.gov/newsevents/speech/bernanke20130510a.htm
925,2013-05-16,https://www.federalreserve.gov/newsevents/speech/raskin20130516a.htm
926,2013-05-18,https://www.federalreserve.gov/newsevents/speech/bernanke20130518a.htm
927,2013-06-02,https://www.federalreserve.gov/newsevents/speech/bernanke20130602a.htm
928,2013-06-06,https://www.federalreserve.gov/newsevents/speech/raskin20130606a.htm
929,2013-06-27,https://www.federalreserve.gov/newsevents/speech/powell20130627a.htm
930,2013-06-28,https://www.federalreserve.gov/newsevents/speech/stein20130628a.htm
931,2013-07-02,https://www.federalreserve.gov/newsevents/speech/powell20130702a.htm
932,2013-07-10,https://www.federalreserve.gov/newsevents/speech/bernanke20130710a.htm
933,2013-07-17,https://www.federalreserve.gov/newsevents/speech/raskin20130717a.htm
934,2013-09-20,https://www.federalreserve.gov/newsevents/speech/tarullo20130920a.htm
935,2013-09-26,https://www.federalreserve.gov/newsevents/speech/stein20130926a.htm
936,2013-10-02,https://www.federalreserve.gov/newsevents/speech/bernanke20131002a.htm
937,2013-10-03,https://www.federalreserve.gov/newsevents/speech/powell20131003a.htm
938,2013-10-04,https://www.federalreserve.gov/newsevents/speech/stein20131004a.htm
939,2013-10-11,https://www.federalreserve.gov/newsevents/speech/powell20131011a.htm
940,2013-10-14,https://www.federalreserve.gov/newsevents/speech/bernanke20131014a.htm
941,2013-10-18,https://www.federalreserve.gov/newsevents/speech/stein20131018a.htm
942,2013-11-04,https://www.federalreserve.gov/newsevents/speech/powell20131104a.htm
943,2013-11-07,https://www.federalreserve.gov/newsevents/speech/stein20131107a.htm
944,2013-11-08,https://www.federalreserve.gov/newsevents/speech/bernanke20131108a.htm
945,2013-11-13,https://www.federalreserve.gov/newsevents/speech/bernanke20131113a.htm
946,2013-11-14,https://www.federalreserve.gov/newsevents/speech/bernanke20131114a.htm
947,2013-11-19,https://www.federalreserve.gov/newsevents/speech/bernanke20131119a.htm
948,2013-11-21,https://www.federalreserve.gov/newsevents/speech/powell20131121a.htm
949,2013-11-22,https://www.federalreserve.gov/newsevents/speech/tarullo20131122a.htm
950,2013-12-16,https://www.federalreserve.gov/newsevents/speech/bernanke20131216a.htm
951,2014-01-03,https://www.federalreserve.gov/newsevents/speech/stein20140103a.htm
952,2014-02-25,https://www.federalreserve.gov/newsevents/speech/tarullo20140225a.htm
953,2014-02-28,https://www.federalreserve.gov/newsevents/speech/stein20140228a.htm
954,2014-03-05,https://www.federalreserve.gov/newsevents/speech/yellen20140305a.htm
955,2014-03-21,https://www.federalreserve.gov/newsevents/speech/stein20140321a.htm
956,2014-03-24,https://www.federalreserve.gov/newsevents/speech/stein20140324a.htm
957,2014-03-25,https://www.federalreserve.gov/newsevents/speech/yellen20140325a.htm
958,2014-03-27,https://www.federalreserve.gov/newsevents/speech/tarullo20140327a.htm
959,2014-03-31,https://www.federalreserve.gov/newsevents/speech/yellen20140331a.htm
960,2014-04-09,https://www.federalreserve.gov/newsevents/speech/tarullo20140409a.htm
961,2014-04-15,https://www.federalreserve.gov/newsevents/speech/yellen20140415a.htm
962,2014-04-16,https://www.federalreserve.gov/newsevents/speech/yellen20140416a.htm
963,2014-05-01,https://www.federalreserve.gov/newsevents/speech/yellen20140501a.htm
964,2014-05-06,https://www.federalreserve.gov/newsevents/speech/stein20140506a.htm
965,2014-05-08,https://www.federalreserve.gov/newsevents/speech/tarullo20140508a.htm
966,2014-05-15,https://www.federalreserve.gov/newsevents/speech/yellen20140515a.htm
967,2014-05-21,https://www.federalreserve.gov/newsevents/speech/yellen20140521a.htm
968,2014-06-06,https://www.federalreserve.gov/newsevents/speech/powell20140606a.htm
969,2014-06-09,https://www.federalreserve.gov/newsevents/speech/tarullo20140609a.htm
970,2014-06-25,https://www.federalreserve.gov/newsevents/speech/tarullo20140625a.htm
971,2014-07-02,https://www.federalreserve.gov/newsevents/speech/yellen20140702a.htm
972,2014-07-10,https://www.federalreserve.gov/newsevents/speech/fischer20140710a.htm
973,2014-08-11,https://www.federalreserve.gov/newsevents/speech/fischer20140811a.htm
974,2014-08-22,https://www.federalreserve.gov/newsevents/speech/yellen20140822a.htm
975,2014-09-04,https://www.federalreserve.gov/newsevents/speech/powell20140904a.htm
976,2014-09-18,https://www.federalreserve.gov/newsevents/speech/yellen20140918a.htm
977,2014-09-23,https://www.federalreserve.gov/newsevents/speech/powell20140923a.htm
978,2014-09-30,https://www.federalreserve.gov/newsevents/speech/powell20140930a.htm
979,2014-10-11,https://www.federalreserve.gov/newsevents/speech/fischer20141011a.htm
980,2014-10-17,https://www.federalreserve.gov/newsevents/speech/yellen20141017a.htm
981,2014-10-20,https://www.federalreserve.gov/newsevents/speech/powell20141020a.htm
982,2014-10-30,https://www.federalreserve.gov/newsevents/speech/yellen20141030a.htm
983,2014-11-06,https://www.federalreserve.gov/newsevents/speech/powell20141106a.htm
984,2014-11-07,https://www.federalreserve.gov/newsevents/speech/yellen20141107a.htm
985,2014-11-14,https://www.federalreserve.gov/newsevents/speech/powell20141114a.htm
986,2014-11-20,https://www.federalreserve.gov/newsevents/speech/tarullo20141120a.htm
987,2014-12-02,https://www.federalreserve.gov/newsevents/speech/brainard20141202a.htm
988,2014-12-03,https://www.federalreserve.gov/newsevents/speech/brainard20141203a.htm
989,2015-01-20,https://www.federalreserve.gov/newsevents/speech/powell20150120a.htm
990,2015-01-30,https://www.federalreserve.gov/newsevents/speech/tarullo20150130a.htm
991,2015-02-04,https://www.federalreserve.gov/newsevents/speech/powell20150204a.htm
992,2015-02-09,https://www.federalreserve.gov/newsevents/speech/powell20150209a.htm
993,2015-02-18,https://www.federalreserve.gov/newsevents/speech/powell20150218a.htm
994,2015-02-27,https://www.federalreserve.gov/newsevents/speech/fischer20150227a.htm
995,2015-03-03,https://www.federalreserve.gov/newsevents/speech/yellen20150303a.htm
996,2015-03-23,https://www.federalreserve.gov/newsevents/speech/fischer20150323a.htm
997,2015-03-27,https://www.federalreserve.gov/newsevents/speech/yellen20150327a.htm
998,2015-03-30,https://www.federalreserve.gov/newsevents/speech/fischer20150330a.htm
999,2015-04-02,https://www.federalreserve.gov/newsevents/speech/yellen20150402a.htm
1000,2015-04-08,https://www.federalreserve.gov/newsevents/speech/powell20150408a.htm
1001,2015-04-30,https://www.federalreserve.gov/newsevents/speech/tarullo20150430a.htm
1002,2015-05-04,https://www.federalreserve.gov/newsevents/speech/tarullo20150504.htm
1003,2015-05-06,https://www.federalreserve.gov/newsevents/speech/yellen20150506a.htm
1004,2015-05-14,https://www.federalreserve.gov/newsevents/speech/powell20150514a.htm
1005,2015-05-21,https://www.federalreserve.gov/newsevents/speech/fischer20150521.htm
1006,2015-05-22,https://www.federalreserve.gov/newsevents/speech/yellen20150522a.htm
1007,2015-05-26,https://www.federalreserve.gov/newsevents/speech/fischer20150526a.htm
1008,2015-06-01,https://www.federalreserve.gov/newsevents/speech/fischer20150601a.htm
1009,2015-06-02,https://www.federalreserve.gov/newsevents/speech/brainard20150602a.htm
1010,2015-06-24,https://www.federalreserve.gov/newsevents/speech/fischer20150624a.htm
1011,2015-06-25,https://www.federalreserve.gov/newsevents/speech/powell20150625a.htm
1012,2015-06-30,https://www.federalreserve.gov/newsevents/speech/fischer20150630a.htm
1013,2015-07-01,https://www.federalreserve.gov/newsevents/speech/brainard20150701a.htm
1014,2015-07-09,https://www.federalreserve.gov/newsevents/speech/brainard20150709a.htm
1015,2015-07-10,https://www.federalreserve.gov/newsevents/speech/yellen20150710a.htm
1016,2015-08-03,https://www.federalreserve.gov/newsevents/speech/powell20150803a.htm
1017,2015-08-29,https://www.federalreserve.gov/newsevents/speech/fischer20150829a.htm
1018,2015-09-24,https://www.federalreserve.gov/newsevents/speech/yellen20150924a.htm
1019,2015-09-28,https://www.federalreserve.gov/newsevents/speech/tarullo20150928a.htm
1020,2015-09-30,https://www.federalreserve.gov/newsevents/speech/yellen20150930a.htm
1021,2015-10-02,https://www.federalreserve.gov/newsevents/speech/fischer20151002a.htm
1022,2015-10-11,https://www.federalreserve.gov/newsevents/speech/fischer20151011a.htm
1023,2015-10-12,https://www.federalreserve.gov/newsevents/speech/brainard20151012a.htm
1024,2015-10-19,https://www.federalreserve.gov/newsevents/speech/brainard20151019a.htm
1025,2015-10-20,https://www.federalreserve.gov/newsevents/speech/powell20151020a.htm
1026,2015-11-04,https://www.federalreserve.gov/newsevents/speech/fischer20151104a.htm
1027,2015-11-05,https://www.federalreserve.gov/newsevents/speech/tarullo20151105a.htm
1028,2015-11-06,https://www.federalreserve.gov/newsevents/speech/brainard20151106a.htm
1029,2015-11-12,https://www.federalreserve.gov/newsevents/speech/yellen20151112a.htm
1030,2015-11-17,https://www.federalreserve.gov/newsevents/speech/powell20151117a.htm
1031,2015-11-19,https://www.federalreserve.gov/newsevents/speech/fischer20151119a.htm
1032,2015-11-20,https://www.federalreserve.gov/newsevents/speech/powell20151120a.htm
1033,2015-12-01,https://www.federalreserve.gov/newsevents/speech/brainard20151201a.htm
1034,2015-12-02,https://www.federalreserve.gov/newsevents/speech/tarullo20151202a.htm
1035,2015-12-03,https://www.federalreserve.gov/newsevents/speech/fischer20151203a.htm
1036,2016-01-03,https://www.federalreserve.gov/newsevents/speech/fischer20160103a.htm
1037,2016-02-01,https://www.federalreserve.gov/newsevents/speech/fischer20160201a.htm
1038,2016-02-10,https://www.federalreserve.gov/newsevents/speech/fischer20160210a.htm
1039,2016-02-23,https://www.federalreserve.gov/newsevents/speech/fischer20160223a.htm
1040,2016-02-26,https://www.federalreserve.gov/newsevents/speech/powell20160226a.htm
1041,2016-03-07,https://www.federalreserve.gov/newsevents/speech/fischer20160307a.htm
1042,2016-03-29,https://www.federalreserve.gov/newsevents/speech/yellen20160329a.htm
1043,2016-04-14,https://www.federalreserve.gov/newsevents/speech/brainard20160414a.htm
1044,2016-05-19,https://www.federalreserve.gov/newsevents/speech/fischer20160519.htm
1045,2016-05-20,https://www.federalreserve.gov/newsevents/speech/tarullo20160520a.htm
1046,2016-05-26,https://www.federalreserve.gov/newsevents/speech/powell20160526a.htm
1047,2016-06-03,https://www.federalreserve.gov/newsevents/speech/brainard20160603a.htm
1048,2016-06-06,https://www.federalreserve.gov/newsevents/speech/yellen20160606a.htm
1049,2016-06-21,https://www.federalreserve.gov/newsevents/speech/powell20160621a.htm
1050,2016-06-22,https://www.federalreserve.gov/newsevents/speech/fischer20160622a.htm
1051,2016-06-28,https://www.federalreserve.gov/newsevents/speech/powell20160628a.htm
1052,2016-07-12,https://www.federalreserve.gov/newsevents/speech/tarullo20160712a.htm
1053,2016-08-21,https://www.federalreserve.gov/newsevents/speech/fischer20160821a.htm
1054,2016-08-26,https://www.federalreserve.gov/newsevents/speech/yellen20160826a.htm
1055,2016-09-12,https://www.federalreserve.gov/newsevents/speech/brainard20160912a.htm
1056,2016-09-26,https://www.federalreserve.gov/newsevents/speech/tarullo20160926a.htm
1057,2016-09-27,https://www.federalreserve.gov/newsevents/speech/fischer20160927a.htm
1058,2016-09-29,https://www.federalreserve.gov/newsevents/speech/powell20160929a.htm
1059,2016-10-05,https://www.federalreserve.gov/newsevents/speech/fischer20161005a.htm
1060,2016-10-07,https://www.federalreserve.gov/newsevents/speech/brainard20161007a.htm
1061,2016-10-09,https://www.federalreserve.gov/newsevents/speech/fischer20161009a.htm
1062,2016-10-14,https://www.federalreserve.gov/newsevents/speech/yellen20161014a.htm
1063,2016-10-17,https://www.federalreserve.gov/newsevents/speech/fischer20161017a.htm
1064,2016-10-21,https://www.federalreserve.gov/newsevents/speech/tarullo20161021a.htm
1065,2016-10-24,https://www.federalreserve.gov/newsevents/speech/powell20161024.htm
1066,2016-11-04,https://www.federalreserve.gov/newsevents/speech/fischer20161104a.htm
1067,2016-11-11,https://www.federalreserve.gov/newsevents/speech/fischer20161111a.htm
1068,2016-11-15,https://www.federalreserve.gov/newsevents/speech/fischer20161115a.htm
1069,2016-11-17,https://www.federalreserve.gov/newsevents/speech/brainard20161117a.htm
1070,2016-11-18,https://www.federalreserve.gov/newsevents/speech/powell20161118a.htm
1071,2016-11-21,https://www.federalreserve.gov/newsevents/speech/fischer20161121a.htm
1072,2016-11-29,https://www.federalreserve.gov/newsevents/speech/powell20161129a.htm
1073,2016-11-30,https://www.federalreserve.gov/newsevents/speech/powell20161130a.htm
1074,2016-12-02,https://www.federalreserve.gov/newsevents/speech/brainard20161202a.htm
1075,2016-12-19,https://www.federalreserve.gov/newsevents/speech/yellen20161219a.htm
1076,2017-01-07,https://www.federalreserve.gov/newsevents/speech/powell20170107a.htm
1077,2017-01-12,https://www.federalreserve.gov/newsevents/speech/yellen20170112a.htm
1078,2017-01-17,https://www.federalreserve.gov/newsevents/speech/brainard20170117a.htm
1079,2017-01-18,https://www.federalreserve.gov/newsevents/speech/yellen20170118a.htm
1080,2017-01-19,https://www.federalreserve.gov/newsevents/speech/yellen20170119a.htm
1081,2017-02-11,https://www.federalreserve.gov/newsevents/speech/fischer20170211a.htm
1082,2017-02-22,https://www.federalreserve.gov/newsevents/speech/powell20170222a.htm
1083,2017-03-01,https://www.federalreserve.gov/newsevents/speech/brainard20170301a.htm
1084,2017-03-03,https://www.federalreserve.gov/newsevents/speech/powell20170303a.htm
1085,2017-03-23,https://www.federalreserve.gov/newsevents/speech/yellen20170323a.htm
1086,2017-03-28,https://www.federalreserve.gov/newsevents/speech/yellen20170328a.htm
1087,2017-04-04,https://www.federalreserve.gov/newsevents/speech/tarullo20170404a.htm
1088,2017-04-05,https://www.federalreserve.gov/newsevents/speech/powell20170405a.htm
1089,2017-04-17,https://www.federalreserve.gov/newsevents/speech/fischer20170417a.htm
1090,2017-04-19,https://www.federalreserve.gov/newsevents/speech/fischer20170419a.htm
1091,2017-04-20,https://www.federalreserve.gov/newsevents/speech/powell20170420a.htm
1092,2017-04-28,https://www.federalreserve.gov/newsevents/speech/brainard20170428a.htm
1093,2017-05-05,https://www.federalreserve.gov/newsevents/speech/fischer20170505a.htm
1094,2017-05-22,https://www.federalreserve.gov/newsevents/speech/brainard20170522a.htm
1095,2017-05-30,https://www.federalreserve.gov/newsevents/speech/brainard20170530a.htm
1096,2017-06-01,https://www.federalreserve.gov/newsevents/speech/powell20170601a.htm
1097,2017-06-20,https://www.federalreserve.gov/newsevents/speech/fischer20170620a.htm
