,Date,Speaker
0,1996-06-13,Chairman Alan Greenspan
1,1996-06-18,"Governor Edward W. Kelley, Jr."
2,1996-09-08,Governor Laurence H. Meyer
3,1996-09-19,Chairman Alan Greenspan
4,1996-10-02,Governor Lawrence B. Lindsey
5,1996-10-05,Chairman Alan Greenspan
6,1996-10-07,Chairman Alan Greenspan
7,1996-10-09,Governor Lawrence B. Lindsey
8,1996-10-11,Governor Lawrence B. Lindsey
9,1996-10-16,Chairman Alan Greenspan
10,1996-10-24,Governor Susan M. Phillips
11,1996-10-31,"Governor Edward W. Kelley, Jr."
12,1996-11-18,Chairman Alan Greenspan
13,1996-11-21,Governor Laurence H. Meyer
14,1996-11-25,Governor Susan M. Phillips
15,1996-12-03,"Governor Edward W. Kelley, Jr."
16,1996-12-05,Chairman Alan Greenspan
17,1996-12-06,Chairman Alan Greenspan
18,1996-12-19,Vice Chair Alice M. Rivlin
19,1997-01-05,Governor Laurence H. Meyer
20,1997-01-14,Chairman Alan Greenspan
21,1997-01-16,Governor Laurence H. Meyer
22,1997-01-24,Governor Laurence H. Meyer
23,1997-01-28,Governor Susan M. Phillips
24,1997-01-29,"Governor Edward W. Kelley, Jr."
25,1997-02-14,Governor Susan M. Phillips
26,1997-02-21,Chairman Alan Greenspan
27,1997-03-03,Governor Susan M. Phillips
28,1997-03-07,Chairman Alan Greenspan
29,1997-03-13,Vice Chair Alice M. Rivlin
30,1997-03-22,Chairman Alan Greenspan
31,1997-04-04,Vice Chair Alice M. Rivlin
32,1997-04-10,Governor Laurence H. Meyer
33,1997-04-12,Chairman Alan Greenspan
34,1997-04-24,Governor Laurence H. Meyer
35,1997-04-29,Chairman Alan Greenspan
36,1997-05-01,Chairman Alan Greenspan
37,1997-05-03,Chairman Alan Greenspan
38,1997-05-08,Chairman Alan Greenspan
39,1997-05-23,Governor Laurence H. Meyer
40,1997-06-10,Chairman Alan Greenspan
41,1997-06-18,Governor Susan M. Phillips
42,1997-09-04,Governor Laurence H. Meyer
43,1997-09-05,Chairman Alan Greenspan
44,1997-09-12,Chairman Alan Greenspan
45,1997-09-17,Governor Laurence H. Meyer
46,1997-09-19,Governor Susan M. Phillips
47,1997-09-23,"Governor Edward W. Kelley, Jr."
48,1997-10-05,Chairman Alan Greenspan
49,1997-10-11,Chairman Alan Greenspan
50,1997-10-14,Chairman Alan Greenspan
51,1997-10-15,Governor Susan M. Phillips
52,1997-10-30,Governor Susan M. Phillips
53,1997-10-31,Governor Laurence H. Meyer
54,1997-11-04,Governor Susan M. Phillips
55,1997-11-07,Chairman Alan Greenspan
56,1997-12-01,Governor Laurence H. Meyer
57,1997-12-02,Chairman Alan Greenspan
58,1997-12-03,Chairman Alan Greenspan
59,1997-12-15,"Governor Edward W. Kelley, Jr."
60,1998-01-03,Chairman Alan Greenspan
61,1998-01-08,Governor Laurence H. Meyer
62,1998-01-12,Chairman Alan Greenspan
63,1998-01-16,Chairman Alan Greenspan
64,1998-02-11,"Governor Edward W. Kelley, Jr."
65,1998-02-17,Vice Chair Alice M. Rivlin
66,1998-02-26,Chairman Alan Greenspan
67,1998-02-27,Chairman Alan Greenspan
68,1998-03-02,Governor Laurence H. Meyer
69,1998-03-03,Chairman Alan Greenspan
70,1998-03-04,"Governor Roger W. Ferguson, Jr."
71,1998-03-06,Governor Edward M. Gramlich
72,1998-03-09,"Governor Roger W. Ferguson, Jr."
73,1998-03-16,Governor Laurence H. Meyer
74,1998-03-17,Governor Susan M. Phillips
75,1998-03-19,"Governor Roger W. Ferguson, Jr."
76,1998-03-26,Governor Susan M. Phillips
77,1998-04-02,Chairman Alan Greenspan
78,1998-04-04,"Governor Roger W. Ferguson, Jr."
79,1998-04-09,Governor Laurence H. Meyer
80,1998-04-16,Governor Laurence H. Meyer
81,1998-04-23,Vice Chair Alice M. Rivlin
82,1998-04-30,Governor Laurence H. Meyer
83,1998-05-02,Chairman Alan Greenspan
84,1998-05-07,Chairman Alan Greenspan
85,1998-05-12,Governor Laurence H. Meyer
86,1998-05-20,Chairman Alan Greenspan
87,1998-06-03,Governor Laurence H. Meyer
88,1998-06-09,Governor Laurence H. Meyer
89,1998-06-18,Vice Chair Alice M. Rivlin
90,1998-07-09,"Governor Roger W. Ferguson, Jr."
91,1998-07-10,Chairman Alan Greenspan
92,1998-07-20,"Governor Roger W. Ferguson, Jr."
93,1998-08-28,Chairman Alan Greenspan
94,1998-09-04,Chairman Alan Greenspan
95,1998-09-15,Governor Edward M. Gramlich
96,1998-09-17,"Governor Roger W. Ferguson, Jr."
97,1998-09-18,Governor Laurence H. Meyer
98,1998-09-28,Vice Chair Alice M. Rivlin
99,1998-09-29,"Governor Roger W. Ferguson, Jr."
100,1998-10-05,Governor Laurence H. Meyer
101,1998-10-14,"Governor Roger W. Ferguson, Jr."
102,1998-10-16,"Governor Roger W. Ferguson, Jr."
103,1998-10-22,"Governor Roger W. Ferguson, Jr."
104,1998-10-27,"Governor Roger W. Ferguson, Jr."
105,1998-10-29,"Governor Edward W. Kelley, Jr."
106,1998-11-05,Chairman Alan Greenspan
107,1998-11-06,Governor Edward M. Gramlich
108,1998-11-12,Governor Laurence H. Meyer
109,1999-01-03,"Governor Roger W. Ferguson, Jr."
110,1999-01-04,Governor Laurence H. Meyer
111,1999-01-11,Governor Laurence H. Meyer
112,1999-01-15,"Governor Roger W. Ferguson, Jr."
113,1999-01-21,"Governor Roger W. Ferguson, Jr."
114,1999-02-11,"Governor Roger W. Ferguson, Jr."
115,1999-02-16,Chairman Alan Greenspan
116,1999-02-24,Vice Chair Alice M. Rivlin
117,1999-02-25,Governor Laurence H. Meyer
118,1999-03-01,Vice Chair Alice M. Rivlin
119,1999-03-03,"Governor Roger W. Ferguson, Jr."
120,1999-03-08,Governor Edward M. Gramlich
121,1999-03-09,Chairman Alan Greenspan
122,1999-03-10,"Governor Edward W. Kelley, Jr."
123,1999-03-12,Governor Laurence H. Meyer
124,1999-03-16,Chairman Alan Greenspan
125,1999-03-19,Chairman Alan Greenspan
126,1999-03-25,"Governor Edward W. Kelley, Jr."
127,1999-04-06,Vice Chair Alice M. Rivlin
128,1999-04-13,"Governor Roger W. Ferguson, Jr."
129,1999-04-14,Governor Laurence H. Meyer
130,1999-04-16,Chairman Alan Greenspan
131,1999-04-22,Governor Laurence H. Meyer
132,1999-04-26,Governor Laurence H. Meyer
133,1999-04-29,Chairman Alan Greenspan
134,1999-05-06,Chairman Alan Greenspan
135,1999-05-13,Vice Chair Alice M. Rivlin
136,1999-06-01,Vice Chair Alice M. Rivlin
137,1999-06-02,Chairman Alan Greenspan
138,1999-06-03,Governor Laurence H. Meyer
139,1999-06-10,"Governor Roger W. Ferguson, Jr."
140,1999-06-14,Governor Laurence H. Meyer
141,1999-06-16,Governor Edward M. Gramlich
142,1999-06-22,"Governor Roger W. Ferguson, Jr."
143,1999-07-29,"Governor Roger W. Ferguson, Jr."
144,1999-08-27,Chairman Alan Greenspan
145,1999-09-08,Chairman Alan Greenspan
146,1999-09-09,"Governor Roger W. Ferguson, Jr."
147,1999-09-15,Governor Edward M. Gramlich
148,1999-09-16,"Governor Edward W. Kelley, Jr."
149,1999-09-17,Chairman Alan Greenspan
150,1999-09-21,"Governor Roger W. Ferguson, Jr."
151,1999-09-27,Governor Laurence H. Meyer
152,1999-09-28,"Governor Roger W. Ferguson, Jr."
153,1999-09-30,Chairman Alan Greenspan
154,1999-10-01,Governor Laurence H. Meyer
155,1999-10-06,"Vice Chairman Roger W. Ferguson, Jr."
156,1999-10-11,Chairman Alan Greenspan
157,1999-10-12,Governor Laurence H. Meyer
158,1999-10-14,Chairman Alan Greenspan
159,1999-10-15,Chairman Alan Greenspan
160,1999-10-19,Chairman Alan Greenspan
161,1999-10-28,"Vice Chairman Roger W. Ferguson, Jr."
162,1999-11-02,Chairman Alan Greenspan
163,1999-11-04,Governor Edward M. Gramlich
164,1999-11-15,Chairman Alan Greenspan
165,1999-11-30,Governor Laurence H. Meyer
166,1999-12-15,Governor Laurence H. Meyer
167,2000-01-07,"Vice Chairman Roger W. Ferguson, Jr."
168,2000-01-13,Governor Edward M. Gramlich
169,2000-01-14,Governor Laurence H. Meyer
170,2000-01-20,Governor Laurence H. Meyer
171,2000-02-03,Governor Laurence H. Meyer
172,2000-02-17,"Vice Chairman Roger W. Ferguson, Jr."
173,2000-02-23,Governor Laurence H. Meyer
174,2000-02-25,Governor Laurence H. Meyer
175,2000-03-03,Governor Laurence H. Meyer
176,2000-03-06,Chairman Alan Greenspan
177,2000-03-07,Governor Edward M. Gramlich
178,2000-03-08,Chairman Alan Greenspan
179,2000-03-13,Governor Edward M. Gramlich
180,2000-03-22,Chairman Alan Greenspan
181,2000-03-30,"Governor Edward W. Kelley, Jr."
182,2000-04-05,Chairman Alan Greenspan
183,2000-04-06,"Vice Chairman Roger W. Ferguson, Jr."
184,2000-04-07,Chairman Alan Greenspan
185,2000-04-10,Chairman Alan Greenspan
186,2000-04-11,Chairman Alan Greenspan
187,2000-04-12,Governor Laurence H. Meyer
188,2000-04-14,Chairman Alan Greenspan
189,2000-04-17,Governor Edward M. Gramlich
190,2000-04-20,Governor Edward M. Gramlich
191,2000-04-27,Chairman Alan Greenspan
192,2000-05-04,Chairman Alan Greenspan
193,2000-05-09,"Vice Chairman Roger W. Ferguson, Jr."
194,2000-05-11,"Vice Chairman Roger W. Ferguson, Jr."
195,2000-05-12,"Vice Chairman Roger W. Ferguson, Jr."
196,2000-05-18,Chairman Alan Greenspan
197,2000-05-22,"Vice Chairman Roger W. Ferguson, Jr."
198,2000-05-25,Chairman Alan Greenspan
199,2000-05-26,"Vice Chairman Roger W. Ferguson, Jr."
200,2000-05-31,Governor Laurence H. Meyer
201,2000-06-01,Governor Laurence H. Meyer
202,2000-06-06,Governor Laurence H. Meyer
203,2000-06-13,Chairman Alan Greenspan
204,2000-07-11,Chairman Alan Greenspan
205,2000-07-12,Chairman Alan Greenspan
206,2000-08-25,Chairman Alan Greenspan
207,2000-08-31,Governor Laurence H. Meyer
208,2000-09-15,"Vice Chairman Roger W. Ferguson, Jr."
209,2000-09-18,Chairman Alan Greenspan
210,2000-10-11,"Vice Chairman Roger W. Ferguson, Jr."
211,2000-10-16,Chairman Alan Greenspan
212,2000-10-19,Governor Laurence H. Meyer
213,2000-10-20,"Vice Chairman Roger W. Ferguson, Jr."
214,2000-10-24,Governor Laurence H. Meyer
215,2000-10-31,"Vice Chairman Roger W. Ferguson, Jr."
216,2000-11-14,Chairman Alan Greenspan
217,2000-11-20,Chairman Alan Greenspan
218,2000-11-21,Governor Edward M. Gramlich
219,2000-12-05,Chairman Alan Greenspan
220,2000-12-06,Governor Edward M. Gramlich
221,2000-12-08,Chairman Alan Greenspan
222,2001-01-12,"Vice Chairman Roger W. Ferguson, Jr."
223,2001-01-25,"Vice Chairman Roger W. Ferguson, Jr."
224,2001-02-14,"Vice Chairman Roger W. Ferguson, Jr."
225,2001-02-15,Governor Laurence H. Meyer
226,2001-02-20,Governor Edward M. Gramlich
227,2001-02-27,"Vice Chairman Roger W. Ferguson, Jr."
228,2001-03-05,Governor Laurence H. Meyer
229,2001-03-07,Chairman Alan Greenspan
230,2001-03-09,"Vice Chairman Roger W. Ferguson, Jr."
231,2001-03-15,Governor Laurence H. Meyer
232,2001-03-23,Governor Edward M. Gramlich
233,2001-03-27,Chairman Alan Greenspan
234,2001-03-28,Governor Laurence H. Meyer
235,2001-04-05,Governor Edward M. Gramlich
236,2001-04-06,Chairman Alan Greenspan
237,2001-04-19,"Vice Chairman Roger W. Ferguson, Jr."
238,2001-04-26,"Vice Chairman Roger W. Ferguson, Jr."
239,2001-04-27,Chairman Alan Greenspan
240,2001-05-10,Chairman Alan Greenspan
241,2001-05-17,Governor Laurence H. Meyer
242,2001-05-18,Chairman Alan Greenspan
243,2001-05-21,"Vice Chairman Roger W. Ferguson, Jr."
244,2001-05-24,Governor Laurence H. Meyer
245,2001-06-06,Governor Laurence H. Meyer
246,2001-06-11,Governor Edward M. Gramlich
247,2001-06-14,"Vice Chairman Roger W. Ferguson, Jr."
248,2001-06-20,Chairman Alan Greenspan
249,2001-06-28,Chairman Alan Greenspan
250,2001-07-17,Governor Laurence H. Meyer
251,2001-07-18,"Vice Chairman Roger W. Ferguson, Jr."
252,2001-08-03,Governor Edward M. Gramlich
253,2001-08-31,Chairman Alan Greenspan
254,2001-09-04,"Vice Chairman Roger W. Ferguson, Jr."
255,2001-10-11,Chairman Alan Greenspan
256,2001-10-12,Governor Laurence H. Meyer
257,2001-10-15,Governor Laurence H. Meyer
258,2001-10-16,"Vice Chairman Roger W. Ferguson, Jr."
259,2001-10-23,Chairman Alan Greenspan
260,2001-10-24,Chairman Alan Greenspan
261,2001-10-26,Chairman Alan Greenspan
262,2001-11-08,"Vice Chairman Roger W. Ferguson, Jr."
263,2001-11-13,Chairman Alan Greenspan
264,2001-11-27,Governor Laurence H. Meyer
265,2001-11-30,Governor Edward M. Gramlich
266,2001-12-03,Chairman Alan Greenspan
267,2001-12-05,Governor Laurence H. Meyer
268,2001-12-18,Governor Laurence H. Meyer
269,2002-01-08,"Vice Chairman Roger W. Ferguson, Jr."
270,2002-01-10,Chairman Alan Greenspan
271,2002-01-11,Chairman Alan Greenspan
272,2002-01-16,"Vice Chairman Roger W. Ferguson, Jr."
273,2002-01-18,Governor Edward M. Gramlich
274,2002-02-07,Governor Mark W. Olson
275,2002-02-08,Governor Mark W. Olson
276,2002-02-20,Governor Edward M. Gramlich
277,2002-02-27,"Vice Chairman Roger W. Ferguson, Jr."
278,2002-02-28,Chairman Alan Greenspan
279,2002-03-01,Governor Edward M. Gramlich
280,2002-03-04,"Vice Chairman Roger W. Ferguson, Jr."
281,2002-03-07,Governor Edward M. Gramlich
282,2002-03-12,Governor Mark W. Olson
283,2002-03-13,Chairman Alan Greenspan
284,2002-03-21,Governor Susan S. Bies
285,2002-03-26,Governor Mark W. Olson
286,2002-04-08,Governor Edward M. Gramlich
287,2002-04-22,Chairman Alan Greenspan
288,2002-04-30,Governor Mark W. Olson
289,2002-05-02,Governor Edward M. Gramlich
290,2002-05-03,Chairman Alan Greenspan
291,2002-05-09,"Vice Chairman Roger W. Ferguson, Jr."
292,2002-05-10,Chairman Alan Greenspan
293,2002-05-11,"Vice Chairman Roger W. Ferguson, Jr."
294,2002-05-13,"Vice Chairman Roger W. Ferguson, Jr."
295,2002-05-17,Governor Mark W. Olson
296,2002-05-21,Governor Mark W. Olson
297,2002-05-31,Governor Mark W. Olson
298,2002-06-10,Governor Susan S. Bies
299,2002-06-11,Governor Susan S. Bies
300,2002-06-20,Governor Susan S. Bies
301,2002-07-05,Governor Edward M. Gramlich
302,2002-07-08,Governor Mark W. Olson
303,2002-07-26,Governor Mark W. Olson
304,2002-08-30,Chairman Alan Greenspan
305,2002-09-25,Chairman Alan Greenspan
306,2002-09-28,Governor Susan S. Bies
307,2002-10-01,Governor Susan S. Bies
308,2002-10-03,"Vice Chairman Roger W. Ferguson, Jr."
309,2002-10-07,Chairman Alan Greenspan
310,2002-10-08,Governor Susan S. Bies
311,2002-10-09,"Vice Chairman Roger W. Ferguson, Jr."
312,2002-10-15,Governor Ben S. Bernanke
313,2002-10-16,"Vice Chairman Roger W. Ferguson, Jr"
314,2002-10-22,Governor Mark W. Olson
315,2002-10-23,Chairman Alan Greenspan
316,2002-10-24,"Vice Chairman Roger W. Ferguson, Jr."
317,2002-10-29,Chairman Alan Greenspan
318,2002-11-07,Governor Susan S. Bies
319,2002-11-08,Governor Ben S. Bernanke
320,2002-11-12,Chairman Alan Greenspan
321,2002-11-18,Governor Mark W. Olson
322,2002-11-19,Chairman Alan Greenspan
323,2002-11-20,"Vice Chairman Roger W. Ferguson, Jr."
324,2002-11-21,Governor Ben S. Bernanke
325,2002-11-22,Governor Donald L. Kohn
326,2002-12-13,Governor Susan S. Bies
327,2002-12-19,Chairman Alan Greenspan
328,2003-01-04,Governor Edward M. Gramlich
329,2003-02-03,Governor Ben S. Bernanke
330,2003-02-05,"Vice Chairman Roger W. Ferguson, Jr."
331,2003-02-06,Governor Mark W. Olson
332,2003-02-11,Governor Susan Schmidt Bies
333,2003-02-12,"Vice Chairman Roger W. Ferguson, Jr"
334,2003-02-21,Governor Ben S. Bernanke
335,2003-02-27,Governor Susan Schmidt Bies
336,2003-02-28,Governor Donald L. Kohn
337,2003-03-04,Chairman Alan Greenspan
338,2003-03-07,Chairman Alan Greenspan
339,2003-03-13,Governor Mark W. Olson
340,2003-03-24,Governor Donald L. Kohn
341,2003-03-25,Governor Ben S. Bernanke
342,2003-03-28,Chairman Alan Greenspan
343,2003-04-03,Chairman Alan Greenspan
344,2003-04-04,Chairman Alan Greenspan
345,2003-04-07,"Vice Chairman Roger W. Ferguson, Jr."
346,2003-04-09,"Vice Chairman Roger W. Ferguson, Jr."
347,2003-04-10,Governor Mark W. Olson
348,2003-04-24,Governor Edward M. Gramlich
349,2003-04-28,"Vice Chairman Roger W. Ferguson, Jr."
350,2003-05-07,Governor Susan Schmidt Bies
351,2003-05-08,Chairman Alan Greenspan
352,2003-05-13,Chairman Alan Greenspan
353,2003-05-16,"Vice Chairman Roger W. Ferguson, Jr."
354,2003-05-22,Governor Mark W. Olson
355,2003-05-30,Governor Susan Schmidt Bies
356,2003-05-31,Governor Ben S. Bernanke
357,2003-06-10,Governor Donald L. Kohn
358,2003-06-11,Governor Susan Schmidt Bies
359,2003-06-13,Governor Edward M. Gramlich
360,2003-06-16,Governor Susan Schmidt Bies
361,2003-06-17,"Vice Chairman Roger W. Ferguson, Jr."
362,2003-06-20,"Governor Donald L. Kohn and Brian P. Sack, Senior Economist"
363,2003-06-26,Governor Mark W. Olson
364,2003-07-23,Governor Ben S. Bernanke
365,2003-08-07,Governor Susan Schmidt Bies
366,2003-08-10,Governor Susan Schmidt Bies
367,2003-08-18,Governor Edward M. Gramlich
368,2003-08-29,Chairman Alan Greenspan
369,2003-09-04,Governor Edward M. Gramlich
370,2003-09-22,Governor Mark W. Olson
371,2003-09-24,Governor Donald L. Kohn
372,2003-09-26,Chairman Alan Greenspan
373,2003-10-01,Governor Edward M. Gramlich
374,2003-10-02,Governor Ben S. Bernanke
375,2003-10-08,Governor Susan Schmidt Bies
376,2003-10-09,Governor Edward M. Gramlich
377,2003-10-17,Governor Ben S. Bernanke
378,2003-10-24,Governor Ben S. Bernanke
379,2003-10-29,Chairman Alan Greenspan
380,2003-10-31,Governor Susan Schmidt Bies
381,2003-11-06,Chairman Alan Greenspan
382,2003-11-13,"Vice Chairman Roger W. Ferguson, Jr."
383,2003-11-14,Governor Edward M. Gramlich
384,2003-11-20,Chairman Alan Greenspan
385,2003-11-21,"Vice Chairman Roger W. Ferguson, Jr."
386,2003-11-22,Governor Mark W. Olson
387,2003-12-02,"Vice Chairman Roger W. Ferguson, Jr."
388,2003-12-11,Chairman Alan Greenspan
389,2004-01-03,Chairman Alan Greenspan
390,2004-01-04,Governor Ben S. Bernanke
391,2004-01-07,Governor Donald L. Kohn
392,2004-01-13,Chairman Alan Greenspan
393,2004-01-14,Governor Ben S. Bernanke
394,2004-01-26,Chairman Alan Greenspan
395,2004-02-04,Governor Susan Schmidt Bies
396,2004-02-19,Governor Susan Schmidt Bies
397,2004-02-20,Governor Ben S. Bernanke
398,2004-02-23,Chairman Alan Greenspan
399,2004-02-25,Governor Edward M. Gramlich
400,2004-02-26,Governor Susan Schmidt Bies
401,2004-02-27,Governor Mark W. Olson
402,2004-03-01,Governor Mark W. Olson
403,2004-03-02,Chairman Alan Greenspan
404,2004-03-12,Chairman Alan Greenspan
405,2004-03-17,Chairman Alan Greenspan
406,2004-03-25,Chairman Alan Greenspan
407,2004-03-26,Governor Edward M. Gramlich
408,2004-03-27,Governor Ben S. Bernanke
409,2004-03-30,Governor Ben S. Bernanke
410,2004-03-31,Governor Edward M. Gramlich
411,2004-04-01,Governor Ben S. Bernanke
412,2004-04-08,"Vice Chairman Roger W. Ferguson, Jr."
413,2004-04-15,Governor Ben S. Bernanke
414,2004-04-16,Chairman Alan Greenspan
415,2004-04-22,Governor Susan Schmidt Bies
416,2004-04-23,"Vice Chairman Roger W. Ferguson, Jr."
417,2004-04-26,Governor Mark W. Olson
418,2004-04-27,Chairman Alan Greenspan
419,2004-05-05,Governor Mark W. Olson
420,2004-05-06,Governor Susan Schmidt Bies
421,2004-05-13,Chairman Alan Greenspan
422,2004-05-14,Governor Edward M. Gramlich
423,2004-05-17,"Vice Chairman Roger W. Ferguson, Jr."
424,2004-05-19,Governor Susan Schmidt Bies
425,2004-05-20,Governor Edward M. Gramlich
426,2004-05-21,Governor Edward M. Gramlich
427,2004-05-22,"Vice Chairman Roger W. Ferguson, Jr."
428,2004-06-03,Governor Susan Schmidt Bies
429,2004-06-04,Governor Donald L. Kohn
430,2004-06-08,Chairman Alan Greenspan
431,2004-06-10,Governor Mark W. Olson
432,2004-06-15,Governor Mark W. Olson
433,2004-06-21,Governor Ben S. Bernanke
434,2004-06-22,Governor Susan Schmidt Bies
435,2004-06-24,Governor Edward M. Gramlich
436,2004-07-07,"Vice Chairman Roger W. Ferguson, Jr."
437,2004-07-15,Governor Susan Schmidt Bies
438,2004-07-16,Governor Susan Schmidt Bies
439,2004-07-21,"Vice Chairman Roger W. Ferguson, Jr."
440,2004-08-12,Governor Edward M. Gramlich
441,2004-08-27,Chairman Alan Greenspan
442,2004-09-10,Governor Edward M. Gramlich
443,2004-09-16,Governor Edward M. Gramlich
444,2004-09-28,Governor Susan Schmidt Bies
445,2004-09-30,Governor Susan Schmidt Bies
446,2004-10-04,Governor Ben S. Bernanke
447,2004-10-05,Chairman Alan Greenspan
448,2004-10-06,"Vice Chairman Roger W. Ferguson, Jr."
449,2004-10-07,"Vice Chairman Roger W. Ferguson, Jr."
450,2004-10-08,Governor Ben S. Bernanke
451,2004-10-14,Governor Ben S. Bernanke
452,2004-10-15,Governor Donald L. Kohn
453,2004-10-19,Chairman Alan Greenspan
454,2004-10-21,Governor Ben S. Bernanke
455,2004-10-23,Governor Susan Schmidt Bies
456,2004-10-26,"Vice Chairman Roger W. Ferguson, Jr."
457,2004-10-29,"Vice Chairman Roger W. Ferguson, Jr."
458,2004-11-05,Governor Susan Schmidt Bies
459,2004-11-15,Governor Mark W. Olson
460,2004-11-18,Governor Susan Schmidt Bies
461,2004-11-19,Chairman Alan Greenspan
462,2004-12-02,Governor Ben S. Bernanke
463,2004-12-07,Governor Susan Schmidt Bies
464,2005-01-06,Governor Donald L. Kohn
465,2005-01-07,Governor Ben S. Bernanke
466,2005-01-09,Governor Donald L. Kohn
467,2005-01-12,"Vice Chairman Roger W. Ferguson, Jr."
468,2005-01-18,Governor Susan Schmidt Bies
469,2005-01-19,Governor Ben S. Bernanke
470,2005-01-27,"Vice Chairman Roger W. Ferguson, Jr."
471,2005-02-04,Chairman Alan Greenspan
472,2005-02-06,Chairman Alan Greenspan
473,2005-02-07,Governor Susan Schmidt Bies
474,2005-02-11,Governor Ben S. Bernanke
475,2005-02-24,Governor Ben S. Bernanke
476,2005-02-28,Governor Mark W. Olson
477,2005-03-02,Governor Edward M. Gramlich
478,2005-03-08,Governor Ben S. Bernanke
479,2005-03-10,Chairman Alan Greenspan
480,2005-03-11,Chairman Alan Greenspan
481,2005-03-14,Governor Susan Schmidt Bies
482,2005-03-18,Chairman Alan Greenspan
483,2005-03-30,Governor Ben S. Bernanke
484,2005-03-31,Governor Susan Schmidt Bies
485,2005-04-05,Chairman Alan Greenspan
486,2005-04-08,Chairman Alan Greenspan
487,2005-04-14,Governor Donald L. Kohn
488,2005-04-18,Governor Susan Schmidt Bies
489,2005-04-20,"Vice Chairman Roger W. Ferguson, Jr."
490,2005-04-21,Governor Edward M. Gramlich
491,2005-04-22,Governor Donald L. Kohn
492,2005-04-27,"Vice Chairman Roger W. Ferguson, Jr."
493,2005-05-05,Chairman Alan Greenspan
494,2005-05-12,"Vice Chairman Roger W. Ferguson, Jr."
495,2005-05-15,Chairman Alan Greenspan
496,2005-05-16,Governor Mark W. Olson
497,2005-05-17,Governor Susan Schmidt Bies
498,2005-05-19,Chairman Alan Greenspan
499,2005-05-20,Governor Donald L. Kohn
500,2005-05-26,Governor Edward M. Gramlich
501,2005-05-27,"Vice Chairman Roger W. Ferguson, Jr."
502,2005-06-03,Governor Edward M. Gramlich
503,2005-06-06,Chairman Alan Greenspan
504,2005-06-07,Governor Susan Schmidt Bies
505,2005-06-08,Governor Susan Schmidt Bies
506,2005-06-14,Governor Susan Schmidt Bies
507,2005-06-15,Governor Donald L. Kohn
508,2005-06-23,Governor Mark W. Olson
509,2005-07-21,Governor Donald L. Kohn
510,2005-08-26,Chairman Alan Greenspan
511,2005-08-27,Governor Donald L. Kohn
512,2005-09-16,Governor Mark W. Olson
513,2005-09-24,Vice Chairman Roger W. Ferguson
514,2005-09-26,Governor Susan Schmidt Bies
515,2005-09-27,Chairman Alan Greenspan
516,2005-09-28,"Vice Chairman Roger W. Ferguson, Jr."
517,2005-09-29,Governor Donald L. Kohn
518,2005-10-11,Governor Donald L. Kohn
519,2005-10-12,Chairman Alan Greenspan
520,2005-10-13,Governor Mark W. Olson
521,2005-10-17,Chairman Alan Greenspan
522,2005-10-18,"Vice Chairman Roger W. Ferguson, Jr."
523,2005-10-19,Governor Donald L. Kohn
524,2005-10-26,Chairman Alan Greenspan
525,2005-10-27,Chairman Alan Greenspan
526,2005-11-03,"Vice Chairman Roger W. Ferguson, Jr."
527,2005-11-07,Governor Mark W. Olson
528,2005-11-14,Chairman Alan Greenspan
529,2005-11-15,Governor Mark W. Olson
530,2005-11-28,"Vice Chairman Roger W. Ferguson, Jr.
"
531,2005-11-29,"Vice Chairman Roger W. Ferguson, Jr.
"
532,2005-11-30,Governor Susan Schmidt Bies
533,2005-12-02,Chairman Alan Greenspan
534,2005-12-05,Governor Mark W. Olson
535,2005-12-06,Governor Susan Schmidt Bies
536,2005-12-14,Chairman Alan Greenspan
537,2006-01-18,Governor Susan Schmidt Bies
538,2006-02-02,Governor Susan Schmidt Bies
539,2006-02-06,Chairman Ben S. Bernanke
540,2006-02-23,"Vice Chairman Roger W. Ferguson, Jr."
541,2006-02-24,"Vice Chairman Roger W. Ferguson, Jr."
542,2006-03-03,"Vice Chairman Roger W. Ferguson, Jr."
543,2006-03-08,Chairman Ben S. Bernanke
544,2006-03-10,"Vice Chairman Roger W. Ferguson, Jr."
545,2006-03-13,Governor Mark W. Olson
546,2006-03-16,Governor Donald L. Kohn
547,2006-03-20,Chairman Ben S. Bernanke
548,2006-03-29,Governor Susan Schmidt Bies
549,2006-03-31,"Vice Chairman Roger W. Ferguson, Jr."
550,2006-04-03,Governor Randall S. Kroszner
551,2006-04-05,Chairman Ben S. Bernanke
552,2006-04-06,Governor Randall S. Kroszner
553,2006-04-10,Governor Mark W. Olson
554,2006-04-13,Governor Donald L. Kohn
555,2006-04-17,"Vice Chairman Roger W. Ferguson, Jr."
556,2006-04-20,Chairman Ben S. Bernanke
557,2006-04-27,Governor Donald L. Kohn
558,2006-04-28,Governor Susan Schmidt Bies
559,2006-05-03,Chairman Ben S. Bernanke
560,2006-05-04,Governor Susan Schmidt Bies
561,2006-05-11,Governor Donald L. Kohn
562,2006-05-16,Governor Susan Schmidt Bies
563,2006-05-18,Chairman Ben S. Bernanke
564,2006-05-24,Governor Randall S. Kroszner
565,2006-05-25,Governor Mark W. Olson
566,2006-06-05,Chairman Ben S. Bernanke
567,2006-06-06,Governor Susan Schmidt Bies
568,2006-06-09,Chairman Ben S. Bernanke
569,2006-06-12,Governor Mark W. Olson
570,2006-06-13,Chairman Ben S. Bernanke
571,2006-06-14,Governor Susan Schmidt Bies
572,2006-06-15,Governor Randall S. Kroszner
573,2006-06-16,Governor Donald L. Kohn
574,2006-07-04,Governor Susan Schmidt Bies
575,2006-07-06,Vice Chairman Donald L. Kohn
576,2006-07-18,Governor Kevin Warsh
577,2006-08-25,Chairman Ben S. Bernanke
578,2006-08-31,Chairman Ben S. Bernanke
579,2006-09-01,Chairman Ben S. Bernanke
580,2006-09-11,Vice Chairman Donald L. Kohn
581,2006-09-27,Governor Randall S. Kroszner
582,2006-10-04,Chairman Ben S. Bernanke
583,2006-10-11,Governor Susan Schmidt Bies
584,2006-10-12,Governor Frederic S. Mishkin
585,2006-10-16,Chairman Ben S. Bernanke
586,2006-10-17,Governor Susan Schmidt Bies
587,2006-11-01,Chairman Ben S. Bernanke
588,2006-11-02,Governor Susan S. Bies
589,2006-11-03,Vice Chairman Donald L. Kohn
590,2006-11-10,Chairman Ben S. Bernanke
591,2006-11-16,Governor Randall S. Kroszner
592,2006-11-21,Governor Kevin Warsh
593,2006-11-28,Chairman Ben S. Bernanke
594,2006-11-30,Governor Susan Schmidt Bies
595,2006-12-01,Chairman Ben S. Bernanke
596,2006-12-15,Chairman Ben S. Bernanke
597,2007-01-05,Chairman Ben S. Bernanke
598,2007-01-08,Vice Chairman Donald L. Kohn
599,2007-01-11,Governor Susan Schmidt Bies
600,2007-01-17,Governor Frederic S. Mishkin
601,2007-01-18,Governor Susan Schmidt Bies
602,2007-02-06,Chairman Ben S. Bernanke
603,2007-02-21,Vice Chairman Donald L. Kohn
604,2007-02-26,Governor Susan Schmidt Bies
605,2007-03-02,Chairman Ben S. Bernanke
606,2007-03-05,Governor Randall S. Kroszner
607,2007-03-06,Chairman Ben S. Bernanke
608,2007-03-09,Vice Chairman Donald L. Kohn
609,2007-03-12,Governor Randall S. Kroszner
610,2007-03-22,Governor Randall S. Kroszner
611,2007-03-23,Governor Frederic S. Mishkin
612,2007-03-30,Chairman Ben S. Bernanke
613,2007-04-10,Governor Frederic S. Mishkin
614,2007-04-11,Chairman Ben S. Bernanke
615,2007-04-20,Governor Frederic S. Mishkin
616,2007-04-25,Chairman Ben S. Bernanke
617,2007-04-26,Governor Frederic S. Mishkin
618,2007-05-01,Chairman Ben S. Bernanke
619,2007-05-10,Governor Randall S. Kroszner
620,2007-05-15,Chairman Ben S. Bernanke
621,2007-05-16,Governor Randall S. Kroszner
622,2007-05-17,Chairman Ben S. Bernanke
623,2007-05-22,Chairman Ben S. Bernanke
624,2007-05-23,Governor Randall S. Kroszner
625,2007-05-24,Governor Frederic S. Mishkin
626,2007-06-01,Governor Randall S. Kroszner
627,2007-06-05,Chairman Ben S. Bernanke
628,2007-06-14,Governor Randall S. Kroszner
629,2007-06-15,Chairman Ben S. Bernanke
630,2007-06-23,Governor Frederic S. Mishkin
631,2007-07-10,Chairman Ben S. Bernanke
632,2007-07-12,Governor Randall S. Kroszner
633,2007-08-01,Governor Randall S. Kroszner
634,2007-08-31,Chairman Ben S. Bernanke
635,2007-09-01,Governor Frederic S. Mishkin
636,2007-09-06,Governor Randall S. Kroszner
637,2007-09-10,Governor Frederic S. Mishkin
638,2007-09-11,Chairman Ben S. Bernanke
639,2007-09-21,Governor Frederic S. Mishkin
640,2007-09-24,Chairman Ben S. Bernanke
641,2007-09-27,Governor Frederic S. Mishkin
642,2007-09-28,Governor Frederic S. Mishkin
643,2007-10-05,Vice Chairman Donald L. Kohn
644,2007-10-11,Governor Randall S. Kroszner
645,2007-10-12,Chairman Ben S. Bernanke
646,2007-10-15,Chairman Ben S. Bernanke
647,2007-10-19,Chairman Ben S. Bernanke
648,2007-10-20,Governor Frederic S. Mishkin
649,2007-10-22,Governor Randall S. Kroszner
650,2007-10-26,Governor Frederic S. Mishkin
651,2007-11-05,Governor Frederic S. Mishkin
652,2007-11-06,Chairman Ben S. Bernanke
653,2007-11-07,Governor Kevin Warsh
654,2007-11-13,Governor Randall S. Kroszner
655,2007-11-14,Chairman Ben S. Bernanke
656,2007-11-16,Governor Randall S. Kroszner
657,2007-11-28,Vice Chairman Donald L. Kohn
658,2007-11-29,Governor Frederic S. Mishkin
659,2007-11-30,Governor Randall S. Kroszner
660,2008-01-04,Vice Chairman Donald L. Kohn
661,2008-01-05,Vice Chairman Donald L. Kohn
662,2008-01-10,Chairman Ben S. Bernanke
663,2008-01-11,Governor Frederic S. Mishkin
664,2008-02-04,Governor Randall S. Kroszner
665,2008-02-15,Governor Frederic S. Mishkin
666,2008-02-25,Governor Randall S. Kroszner
667,2008-02-26,Vice Chairman Donald L. Kohn
668,2008-02-27,Governor Frederic S. Mishkin
669,2008-02-29,Governor Frederic S. Mishkin
670,2008-03-03,Governor Randall S. Kroszner
671,2008-03-04,Chairman Ben S. Bernanke
672,2008-03-07,Vice Chairman Donald L. Kohn
673,2008-03-11,Governor Randall S. Kroszner
674,2008-03-14,Chairman Ben S. Bernanke
675,2008-03-27,Governor Randall S. Kroszner
676,2008-04-03,Governor Frederic S. Mishkin
677,2008-04-04,Governor Randall S. Kroszner
678,2008-04-07,Vice Chairman Donald L. Kohn
679,2008-04-09,Chairman Ben S. Bernanke
680,2008-04-10,Chairman Ben S. Bernanke
681,2008-04-14,Governor Kevin Warsh
682,2008-04-17,Vice Chairman Donald L. Kohn
683,2008-04-21,Governor Randall S. Kroszner
684,2008-05-05,Chairman Ben S. Bernanke
685,2008-05-07,Governor Randall S. Kroszner
686,2008-05-13,Chairman Ben S. Bernanke
687,2008-05-14,Governor Randall S. Kroszner
688,2008-05-15,Chairman Ben S. Bernanke
689,2008-05-20,Vice Chairman Donald L. Kohn
690,2008-05-21,Governor Kevin Warsh
691,2008-05-22,Governor Randall S. Kroszner
692,2008-05-29,Chairman Ben S. Bernanke
693,2008-06-03,Chairman Ben S. Bernanke
694,2008-06-04,Chairman Ben S. Bernanke
695,2008-06-06,Governor Randall S. Kroszner
696,2008-06-09,Chairman Ben S. Bernanke
697,2008-06-11,Vice Chairman Donald L. Kohn
698,2008-06-12,Chairman Ben S. Bernanke
699,2008-06-16,Chairman Ben S. Bernanke
700,2008-06-26,Vice Chairman Donald L. Kohn
701,2008-07-02,Governor Frederic S. Mishkin
702,2008-07-08,Chairman Ben S. Bernanke
703,2008-07-17,Governor Randall S. Kroszner
704,2008-07-28,Governor Frederic S. Mishkin
705,2008-08-22,Chairman Ben S. Bernanke
706,2008-09-01,Governor Randall S. Kroszner
707,2008-09-09,Chairman Ben S. Bernanke
708,2008-09-11,Vice Chairman Donald L. Kohn
709,2008-10-07,Chairman Ben S. Bernanke
710,2008-10-14,Chairman Ben S. Bernanke
711,2008-10-15,Chairman Ben S. Bernanke
712,2008-10-20,Governor Randall S. Kroszner
713,2008-10-31,Chairman Ben S. Bernanke
714,2008-11-06,Governor Kevin Warsh
715,2008-11-12,Vice Chairman Donald L. Kohn
716,2008-11-14,Chairman Ben S. Bernanke
717,2008-11-19,Vice Chairman Donald L. Kohn
718,2008-12-01,Chairman Ben S. Bernanke
719,2008-12-03,Governor Randall S. Kroszner
720,2008-12-04,Chairman Ben S. Bernanke
721,2008-12-08,Governor Randall S. Kroszner
722,2009-01-13,Chairman Ben S. Bernanke
723,2009-02-11,Governor Elizabeth A. Duke
724,2009-02-16,Governor Elizabeth A. Duke
725,2009-02-18,Chairman Ben S. Bernanke
726,2009-02-24,Governor Elizabeth A. Duke
727,2009-03-07,Chairman Ben S. Bernanke
728,2009-03-10,Chairman Ben S. Bernanke
729,2009-03-20,Chairman Ben S. Bernanke
730,2009-03-30,Governor Elizabeth A. Duke
731,2009-04-03,Vice Chairman Donald L. Kohn
732,2009-04-06,Governor Kevin Warsh
733,2009-04-14,Chairman Ben S. Bernanke
734,2009-04-17,Chairman Ben S. Bernanke
735,2009-04-18,Vice Chairman Donald L. Kohn
736,2009-04-20,Vice Chairman Donald L. Kohn
737,2009-05-07,Chairman Ben S. Bernanke
738,2009-05-11,Chairman Ben S. Bernanke
739,2009-05-22,Chairman Ben S. Bernanke
740,2009-05-23,Vice Chairman Donald L. Kohn
741,2009-06-04,Chairman Ben S. Bernanke
742,2009-06-08,Governor Daniel K. Tarullo
743,2009-06-10,Governor Elizabeth A. Duke
744,2009-06-15,Governor Daniel K. Tarullo
745,2009-06-16,Governor Kevin Warsh
746,2009-06-17,Chairman Ben S. Bernanke
747,2009-06-26,Chairman Ben S. Bernanke
748,2009-07-09,Governor Elizabeth A. Duke
749,2009-07-10,Vice Chairman Donald L. Kohn
750,2009-08-21,Chairman Ben S. Bernanke
751,2009-08-25,Governor Daniel K. Tarullo
752,2009-09-10,Vice Chairman Donald L. Kohn
753,2009-09-14,Governor Elizabeth A. Duke
754,2009-09-15,Chairman Ben S. Bernanke
755,2009-09-25,Chairman Ben S. Bernanke
756,2009-09-30,Vice Chairman Donald L. Kohn
757,2009-10-08,Governor Daniel K. Tarullo
758,2009-10-09,Vice Chairman Donald L. Kohn
759,2009-10-13,Vice Chairman Donald L. Kohn
760,2009-10-19,Chairman Ben S. Bernanke
761,2009-10-21,Governor Daniel K. Tarullo
762,2009-10-23,Chairman Ben S. Bernanke
763,2009-11-02,Governor Daniel K. Tarullo
764,2009-11-09,Governor Daniel K. Tarullo
765,2009-11-10,Governor Daniel K. Tarullo
766,2009-11-16,Chairman Ben S. Bernanke
767,2009-12-07,Chairman Ben S. Bernanke
768,2009-12-09,Governor Elizabeth A. Duke
769,2009-12-10,Governor Elizabeth A. Duke
770,2010-01-03,Vice Chairman Donald L. Kohn
771,2010-01-04,Governor Elizabeth A. Duke
772,2010-01-29,Vice Chairman Donald L. Kohn
773,2010-02-03,Governor Kevin Warsh
774,2010-02-18,Governor Elizabeth A. Duke
775,2010-02-26,Governor Daniel K. Tarullo
776,2010-03-18,Governor Daniel K. Tarullo
777,2010-03-20,Chairman Ben S. Bernanke
778,2010-03-24,Vice Chairman Donald L. Kohn
779,2010-03-26,Governor Kevin Warsh
780,2010-03-31,Governor Elizabeth A. Duke
781,2010-04-07,Chairman Ben S. Bernanke
782,2010-04-08,Governor Elizabeth A. Duke
783,2010-04-13,Governor Daniel K. Tarullo
784,2010-04-19,Governor Elizabeth A. Duke
785,2010-04-21,Chairman Ben S. Bernanke
786,2010-04-27,Chairman Ben S. Bernanke
787,2010-05-01,Governor Elizabeth A. Duke
788,2010-05-06,Chairman Ben S. Bernanke
789,2010-05-08,Chairman Ben S. Bernanke
790,2010-05-11,Vice Chairman Donald L. Kohn
791,2010-05-13,Vice Chairman Donald L. Kohn
792,2010-05-25,Chairman Ben S. Bernanke
793,2010-05-30,Chairman Ben S. Bernanke
794,2010-06-03,Chairman Ben S. Bernanke
795,2010-06-08,Governor Elizabeth A. Duke
796,2010-06-09,Chairman Ben S. Bernanke
797,2010-06-16,Chairman Ben S. Bernanke
798,2010-06-28,Governor Kevin Warsh
799,2010-06-30,Governor Elizabeth A. Duke
800,2010-07-12,Chairman Ben S. Bernanke
801,2010-07-15,Governor Elizabeth A. Duke
802,2010-08-02,Chairman Ben S. Bernanke
803,2010-08-27,Chairman Ben S. Bernanke
804,2010-09-01,Governor Elizabeth A. Duke
805,2010-09-17,Governor Daniel K. Tarullo
806,2010-09-24,Governor Elizabeth A. Duke
807,2010-09-30,Chairman Ben S. Bernanke
808,2010-10-04,Chairman Ben S. Bernanke
809,2010-10-11,Vice Chair Janet L. Yellen
810,2010-10-15,Chairman Ben S. Bernanke
811,2010-10-19,Chairman Ben S. Bernanke
812,2010-10-25,Chairman Ben S. Bernanke
813,2010-11-08,Governor Kevin Warsh
814,2010-11-12,Governor Daniel K. Tarullo
815,2010-11-19,Chairman Ben S. Bernanke
816,2010-12-01,Vice Chair Janet L. Yellen
817,2010-12-02,Governor Elizabeth A. Duke
818,2011-01-07,Governor Elizabeth A. Duke
819,2011-01-08,Vice Chair Janet L. Yellen
820,2011-02-02,Governor Elizabeth A. Duke
821,2011-02-03,Chairman Ben S. Bernanke
822,2011-02-11,Governor Sarah Bloom Raskin
823,2011-02-18,Chairman Ben S. Bernanke
824,2011-02-25,Vice Chair Janet L. Yellen
825,2011-03-02,Chairman Ben S. Bernanke
826,2011-03-04,Vice Chair Janet L. Yellen
827,2011-03-23,Chairman Ben S. Bernanke
828,2011-03-24,Governor Elizabeth A. Duke
829,2011-03-31,Governor Daniel K. Tarullo
830,2011-04-04,Chairman Ben S. Bernanke
831,2011-04-07,Governor Sarah Bloom Raskin
832,2011-04-11,Vice Chair Janet L. Yellen
833,2011-04-14,Governor Elizabeth A. Duke
834,2011-04-28,Governor Elizabeth A. Duke
835,2011-04-29,Chairman Ben S. Bernanke
836,2011-05-05,Chairman Ben S. Bernanke
837,2011-05-06,Vice Chair Janet L. Yellen
838,2011-05-10,Governor Elizabeth A. Duke
839,2011-05-12,Chairman Ben S. Bernanke
840,2011-05-16,Chairman Ben S. Bernanke
841,2011-05-24,Governor Elizabeth A. Duke
842,2011-06-01,Vice Chair Janet L. Yellen
843,2011-06-03,Governor Daniel K. Tarullo
844,2011-06-07,Chairman Ben S. Bernanke
845,2011-06-09,Vice Chair Janet L. Yellen
846,2011-06-14,Chairman Ben S. Bernanke
847,2011-06-29,Governor Sarah Bloom Raskin
848,2011-08-26,Chairman Ben S. Bernanke
849,2011-09-01,Governor Elizabeth A. Duke
850,2011-09-08,Chairman Ben S. Bernanke
851,2011-09-15,Chairman Ben S. Bernanke
852,2011-09-26,Governor Sarah Bloom Raskin
853,2011-09-28,Chairman Ben S. Bernanke
854,2011-10-04,Governor Sarah Bloom Raskin
855,2011-10-18,Chairman Ben S. Bernanke
856,2011-10-20,Governor Daniel K. Tarullo
857,2011-10-21,Vice Chair Janet L. Yellen
858,2011-10-22,Governor Elizabeth A. Duke
859,2011-11-04,Governor Daniel K. Tarullo
860,2011-11-09,Chairman Ben S. Bernanke
861,2011-11-10,Chairman Ben S. Bernanke
862,2011-11-11,Vice Chair Janet L. Yellen
863,2011-11-29,Vice Chair Janet L. Yellen
864,2012-01-06,Governor Elizabeth A. Duke
865,2012-01-07,Governor Sarah Bloom Raskin
866,2012-01-13,Governor Elizabeth A. Duke
867,2012-01-16,Governor Elizabeth A. Duke
868,2012-02-10,Chairman Ben S. Bernanke
869,2012-02-16,Chairman Ben S. Bernanke
870,2012-03-01,Governor Sarah Bloom Raskin
871,2012-03-14,Chairman Ben S. Bernanke
872,2012-03-23,Chairman Ben S. Bernanke
873,2012-03-26,Chairman Ben S. Bernanke
874,2012-03-27,Governor Elizabeth A. Duke
875,2012-04-09,Chairman Ben S. Bernanke
876,2012-04-10,Governor Daniel K. Tarullo
877,2012-04-11,Vice Chair Janet L. Yellen
878,2012-04-12,Governor Sarah Bloom Raskin
879,2012-04-13,Chairman Ben S. Bernanke
880,2012-05-02,Governor Daniel K. Tarullo
881,2012-05-10,Chairman Ben S. Bernanke
882,2012-05-15,Governor Elizabeth A. Duke
883,2012-06-06,Vice Chair Janet L. Yellen
884,2012-06-12,Governor Daniel K. Tarullo
885,2012-07-20,Governor Elizabeth A. Duke
886,2012-07-23,Governor Sarah Bloom Raskin
887,2012-07-24,Chairman Ben S. Bernanke
888,2012-08-06,Chairman Ben S. Bernanke
889,2012-08-07,Chairman Ben S. Bernanke
890,2012-08-31,Chairman Ben S. Bernanke
891,2012-10-01,Chairman Ben S. Bernanke
892,2012-10-05,Governor Elizabeth A. Duke
893,2012-10-10,Governor Daniel K. Tarullo
894,2012-10-11,Vice Chair Janet L. Yellen
895,2012-10-14,Chairman Ben S. Bernanke
896,2012-11-09,Governor Elizabeth A. Duke
897,2012-11-13,Vice Chair Janet L. Yellen
898,2012-11-15,Chairman Ben S. Bernanke
899,2012-11-20,Chairman Ben S. Bernanke
900,2012-11-28,Governor Daniel K. Tarullo
901,2012-11-30,Governor Jeremy C. Stein
902,2012-12-04,Governor Daniel K. Tarullo
903,2012-12-17,Governor Jeremy C. Stein
904,2013-01-04,Vice Chair Janet L. Yellen
905,2013-02-05,Governor Elizabeth A. Duke
906,2013-02-07,Governor Jeremy C. Stein
907,2013-02-11,Vice Chair Janet L. Yellen
908,2013-02-22,Governor Jerome H. Powell
909,2013-02-28,Governor Sarah Bloom Raskin
910,2013-03-01,Chairman Ben S. Bernanke
911,2013-03-04,Vice Chair Janet L. Yellen
912,2013-03-08,Governor Elizabeth A. Duke
913,2013-03-22,Governor Sarah Bloom Raskin
914,2013-03-25,Chairman Ben S. Bernanke
915,2013-04-04,Chairman Ben S. Bernanke
916,2013-04-08,Chairman Ben S. Bernanke
917,2013-04-12,Chairman Ben S. Bernanke
918,2013-04-16,Vice Chair Janet L. Yellen
919,2013-04-17,Governor Jeremy C. Stein
920,2013-04-18,Governor Sarah Bloom Raskin
921,2013-04-19,Governor Jeremy C. Stein
922,2013-05-03,Governor Daniel K. Tarullo
923,2013-05-09,Governor Elizabeth A. Duke
924,2013-05-10,Chairman Ben S. Bernanke
925,2013-05-16,Governor Sarah Bloom Raskin
926,2013-05-18,Chairman Ben S. Bernanke
927,2013-06-02,Chairman Ben S. Bernanke
928,2013-06-06,Governor Sarah Bloom Raskin
929,2013-06-27,Governor Jerome H. Powell
930,2013-06-28,Governor Jeremy C. Stein
931,2013-07-02,Governor Jerome H. Powell
932,2013-07-10,Chairman Ben S. Bernanke
933,2013-07-17,Governor Sarah Bloom Raskin
934,2013-09-20,Governor Daniel K. Tarullo
935,2013-09-26,Governor Jeremy C. Stein
936,2013-10-02,Chairman Ben S. Bernanke
937,2013-10-03,Governor Jerome H. Powell
938,2013-10-04,Governor Jeremy C. Stein
939,2013-10-11,Governor Jerome H. Powell
940,2013-10-14,Chairman Ben S. Bernanke
941,2013-10-18,Governor Jeremy C. Stein
942,2013-11-04,Governor Jerome H. Powell
943,2013-11-07,Governor Jeremy C. Stein
944,2013-11-08,Chairman  Ben S. Bernanke
945,2013-11-13,Chairman Ben S. Bernanke
946,2013-11-14,Chairman Ben S. Bernanke
947,2013-11-19,Chairman Ben S. Bernanke
948,2013-11-21,Governor Jerome H. Powell
949,2013-11-22,Governor Daniel K. Tarullo
950,2013-12-16,Chairman Ben S. Bernanke
951,2014-01-03,Governor Jeremy C. Stein
952,2014-02-25,Governor Daniel K. Tarullo
953,2014-02-28,Governor Jeremy C. Stein
954,2014-03-05,Chair Janet L. Yellen
955,2014-03-21,Governor Jeremy C. Stein
956,2014-03-24,Governor Jeremy C. Stein
957,2014-03-25,Chair Janet L. Yellen
958,2014-03-27,Governor Daniel K. Tarullo
959,2014-03-31,Chair Janet L. Yellen
960,2014-04-09,Governor Daniel K. Tarullo
961,2014-04-15,Chair Janet L. Yellen
962,2014-04-16,Chair Janet L. Yellen
963,2014-05-01,Chair Janet L. Yellen
964,2014-05-06,Governor Jeremy C. Stein
965,2014-05-08,Governor Daniel K. Tarullo
966,2014-05-15,Chair Janet L. Yellen
967,2014-05-21,Chair Janet L. Yellen
968,2014-06-06,Governor Jerome H. Powell
969,2014-06-09,Governor Daniel K. Tarullo
970,2014-06-25,Governor Daniel K. Tarullo
971,2014-07-02,Chair Janet L. Yellen
972,2014-07-10,Vice Chairman Stanley Fischer
973,2014-08-11,Vice Chairman Stanley Fischer
974,2014-08-22,Chair Janet L. Yellen
975,2014-09-04,Governor Jerome H. Powell
976,2014-09-18,Chair Janet L. Yellen
977,2014-09-23,Governor Jerome H. Powell
978,2014-09-30,Governor Jerome H. Powell
979,2014-10-11,Vice Chairman Stanley Fischer
980,2014-10-17,Chair Janet L. Yellen
981,2014-10-20,Governor Jerome H. Powell
982,2014-10-30,Chair Janet L. Yellen
983,2014-11-06,Governor Jerome H. Powell
984,2014-11-07,Chair Janet L. Yellen
985,2014-11-14,Governor Jerome H. Powell
986,2014-11-20,Governor Daniel K. Tarullo
987,2014-12-02,Governor Lael Brainard
988,2014-12-03,Governor Lael Brainard
989,2015-01-20,Governor Jerome H. Powell
990,2015-01-30,Governor Daniel K. Tarullo
991,2015-02-04,Governor Jerome H. Powell
992,2015-02-09,Governor Jerome H. Powell
993,2015-02-18,Governor Jerome H. Powell
994,2015-02-27,Vice Chairman Stanley Fischer
995,2015-03-03,Chair Janet L. Yellen
996,2015-03-23,Vice Chairman Stanley Fischer
997,2015-03-27,Chair Janet L. Yellen
998,2015-03-30,Vice Chairman Stanley Fischer
999,2015-04-02,Chair Janet L. Yellen
1000,2015-04-08,Governor Jerome H. Powell
1001,2015-04-30,Governor Daniel K. Tarullo
1002,2015-05-04,Governor Daniel K. Tarullo
1003,2015-05-06,Chair Janet L. Yellen
1004,2015-05-14,Governor Jerome H. Powell
1005,2015-05-21,Vice Chairman Stanley Fischer
1006,2015-05-22,Chair Janet L. Yellen
1007,2015-05-26,Vice Chairman Stanley Fischer
1008,2015-06-01,Vice Chairman Stanley Fischer
1009,2015-06-02,Governor Lael Brainard
1010,2015-06-24,Vice Chairman Stanley Fischer
1011,2015-06-25,Governor Jerome H. Powell
1012,2015-06-30,Vice Chairman Stanley Fischer
1013,2015-07-01,Governor Lael Brainard
1014,2015-07-09,Governor Lael Brainard
1015,2015-07-10,Chair Janet L. Yellen
1016,2015-08-03,Governor Jerome H. Powell
1017,2015-08-29,Vice Chairman Stanley Fischer
1018,2015-09-24,Chair Janet L. Yellen
1019,2015-09-28,Governor Daniel K. Tarullo
1020,2015-09-30,Chair Janet L. Yellen
1021,2015-10-02,Vice Chairman Stanley Fischer
1022,2015-10-11,Vice Chairman Stanley Fischer
1023,2015-10-12,Governor Lael Brainard
1024,2015-10-19,Governor Lael Brainard
1025,2015-10-20,Governor Jerome H. Powell
1026,2015-11-04,Vice Chairman Stanley Fischer
1027,2015-11-05,Governor Daniel K. Tarullo
1028,2015-11-06,Governor Lael Brainard
1029,2015-11-12,Chair Janet L. Yellen
1030,2015-11-17,Governor Jerome H. Powell
1031,2015-11-19,Vice Chairman Stanley Fischer
1032,2015-11-20,Governor Jerome H. Powell
1033,2015-12-01,Governor Lael Brainard
1034,2015-12-02,Governor Daniel K. Tarullo
1035,2015-12-03,Vice Chairman Stanley Fischer
1036,2016-01-03,Vice Chairman Stanley Fischer
1037,2016-02-01,Vice Chairman Stanley Fischer
1038,2016-02-10,Vice Chairman Stanley Fischer
1039,2016-02-23,Vice Chairman Stanley Fischer
1040,2016-02-26,Governor Jerome H. Powell
1041,2016-03-07,Vice Chairman Stanley Fischer
1042,2016-03-29,Chair Janet L. Yellen
1043,2016-04-14,Governor Lael Brainard
1044,2016-05-19,Vice Chairman Stanley Fischer
1045,2016-05-20,Governor Daniel K. Tarullo
1046,2016-05-26,Governor Jerome H. Powell
1047,2016-06-03,Governor Lael Brainard
1048,2016-06-06,Chair Janet L. Yellen
1049,2016-06-21,Governor Jerome H. Powell
1050,2016-06-22,Vice Chairman Stanley Fischer
1051,2016-06-28,Governor Jerome H. Powell
1052,2016-07-12,Governor Daniel K. Tarullo
1053,2016-08-21,Vice Chairman Stanley Fischer
1054,2016-08-26,Chair Janet L. Yellen
1055,2016-09-12,Governor Lael Brainard
1056,2016-09-26,Governor Daniel K. Tarullo
1057,2016-09-27,Vice Chairman Stanley Fischer
1058,2016-09-29,Governor Jerome H. Powell
1059,2016-10-05,Vice Chairman Stanley Fischer
1060,2016-10-07,Governor Lael Brainard
1061,2016-10-09,Vice Chairman Stanley Fischer
1062,2016-10-14,Chair Janet L. Yellen
1063,2016-10-17,Vice Chairman Stanley Fischer
1064,2016-10-21,Governor Daniel K. Tarullo
1065,2016-10-24,Governor Jerome H. Powell
1066,2016-11-04,Vice Chairman Stanley Fischer
1067,2016-11-11,Vice Chairman Stanley Fischer
1068,2016-11-15,Vice Chairman Stanley Fischer
1069,2016-11-17,Governor Lael Brainard
1070,2016-11-18,Governor Jerome H. Powell
1071,2016-11-21,Vice Chairman Stanley Fischer
1072,2016-11-29,Governor Jerome H. Powell
1073,2016-11-30,Governor Jerome H. Powell
1074,2016-12-02,Governor Lael Brainard
1075,2016-12-19,Chair Janet L. Yellen
1076,2017-01-07,Governor Jerome H. Powell
1077,2017-01-12,Chair Janet L. Yellen
1078,2017-01-17,Governor Lael Brainard
1079,2017-01-18,Chair Janet L. Yellen
1080,2017-01-19,Chair Janet L. Yellen
1081,2017-02-11,Vice Chairman Stanley Fischer
1082,2017-02-22,Governor Jerome H. Powell
1083,2017-03-01,Governor Lael Brainard
1084,2017-03-03,Governor Jerome H. Powell
1085,2017-03-23,Chair Janet L. Yellen
1086,2017-03-28,Chair Janet L. Yellen
1087,2017-04-04,Governor Daniel K. Tarullo
1088,2017-04-05,Governor Jerome H. Powell
1089,2017-04-17,Vice Chairman Stanley Fischer
1090,2017-04-19,Vice Chairman Stanley Fischer
1091,2017-04-20,Governor Jerome H. Powell
1092,2017-04-28,Governor Lael Brainard
1093,2017-05-05,Vice Chairman Stanley Fischer
1094,2017-05-22,Governor Lael Brainard
1095,2017-05-30,Governor Lael Brainard
1096,2017-06-01,Governor Jerome H. Powell
1097,2017-06-20,Vice Chairman Stanley Fischer
